-- phpMyAdmin SQL Dump
-- version 4.0.10deb1
-- http://www.phpmyadmin.net
--
-- Хост: localhost
-- Время создания: Июл 18 2016 г., 09:19
-- Версия сервера: 5.5.44-0ubuntu0.14.04.1
-- Версия PHP: 5.5.9-1ubuntu4.17

SET SQL_MODE = "NO_AUTO_VALUE_ON_ZERO";
SET time_zone = "+00:00";


/*!40101 SET @OLD_CHARACTER_SET_CLIENT=@@CHARACTER_SET_CLIENT */;
/*!40101 SET @OLD_CHARACTER_SET_RESULTS=@@CHARACTER_SET_RESULTS */;
/*!40101 SET @OLD_COLLATION_CONNECTION=@@COLLATION_CONNECTION */;
/*!40101 SET NAMES utf8 */;

--
-- База данных: `tst_do`
--

-- --------------------------------------------------------

--
-- Структура таблицы `images`
--

CREATE TABLE IF NOT EXISTS `images` (
  `id` smallint(6) NOT NULL AUTO_INCREMENT,
  `image_url` varchar(500) NOT NULL,
  `ext_id` smallint(6) NOT NULL,
  PRIMARY KEY (`id`),
  KEY `ext_id` (`ext_id`)
) ENGINE=InnoDB  DEFAULT CHARSET=utf8 AUTO_INCREMENT=185 ;

--
-- Дамп данных таблицы `images`
--

INSERT INTO `images` (`id`, `image_url`, `ext_id`) VALUES
(1, 'http://mail.ru//rs.mail.ru/d703055.gif', 32),
(2, 'http://mail.ru//www.tns-counter.ru/V13a****mail_ru/ru/UTF-8/tmsec=mail_main/', 32),
(3, 'https://rs.mail.ru/d1398861.gif?rnd=183203500&ts=1467969459', 32),
(4, 'http://mail.ru//top-fwz1.mail.ru/counter?id=110605;js=na;r=', 32),
(5, 'https://ad.mail.ru/i1629.gif', 32),
(6, 'http://mail.ru//limg.imgsmail.ru/splash/v/i/logo-7f804cc19c.v5.png', 32),
(7, 'http://mail.ru//limg.imgsmail.ru/splash/v/i/logo_wide-b41947b93e.v5.png', 32),
(8, 'http://mail.ru''+images[mr.retina?i+2:i]+''', 32),
(9, 'https://r.mradx.net/pictures/C0/E47936.jpg', 32),
(10, 'https://r.mradx.net/pictures/B0/4DA52A.jpg', 32),
(11, 'https://rs.mail.ru/d1698795.gif?rnd=211070065&ts=1467969459', 32),
(12, 'https://rs.mail.ru/d729413.gif?rnd=103774764&ts=1467969459', 32),
(13, 'https://rs.mail.ru/d2895507.gif?rnd=131725588&ts=1467969459', 32),
(14, 'http://mail.ru''+y[0]+''', 32),
(15, 'http://mail.ru''+y[0]+''', 32),
(16, 'https://rs.mail.ru/d20259958.gif?sz=0&amp;rnd=169008771&ts=1467969459&sz=0', 32),
(17, 'https://r.mradx.net/pictures/FE/B85E65.jpg', 32),
(18, 'https://r.mradx.net/pictures/82/6E719F.jpg', 32),
(19, 'https://r.mradx.net/pictures/01/558E5A.jpg', 32),
(20, 'https://r.mradx.net/pictures/4F/A9F348.jpg', 32),
(21, 'https://r.mradx.net/pictures/6C/4D6153.jpg', 32),
(22, 'https://r.mradx.net/pictures/83/16621D.jpg', 32),
(23, 'https://r.mradx.net/pictures/3F/3FA668.jpg', 32),
(24, 'https://r.mradx.net/pictures/71/A509AE.jpg', 32),
(25, 'https://r.mradx.net/pictures/44/18015C.jpg', 32),
(26, 'https://r.mradx.net/pictures/D6/2732C6.jpg', 32),
(27, 'https://r.mradx.net/pictures/D1/AB78DF.jpg', 32),
(28, 'https://r.mradx.net/pictures/D9/014313.jpg', 32),
(29, 'https://r.mradx.net/pictures/6C/C58EDA.jpg', 32),
(30, 'https://rs.mail.ru/d12027165.gif?rnd=110317281&ts=1467969459', 32),
(31, 'https://rs.mail.ru/d1533731.gif?rnd=371946796&ts=1467969459', 32),
(32, 'https://rs.mail.ru/d22128941.gif?rnd=218556141&ts=1467969459', 32),
(33, 'https://r.mradx.net/pictures/05/E64729.jpg', 32),
(34, 'https://r.mradx.net/pictures/93/FD3A60.jpg', 32),
(35, 'https://r.mradx.net/pictures/70/FA9B68.jpg', 32),
(36, 'https://r.mradx.net/pictures/19/50C877.jpg', 32),
(37, 'https://rs.mail.ru/d781388.gif?rnd=185603157&ts=1467969459', 32),
(38, 'https://rs.mail.ru/d799297.gif?rnd=180489401&ts=1467969459', 32),
(39, 'https://rs.mail.ru/d22144360.gif?rnd=601374482&ts=1467969459', 32),
(40, 'https://rs.mail.ru/d22155403.gif?rnd=859614660&ts=1467969459', 32),
(41, 'https://r.mradx.net/pictures/68/F197AF.jpg', 32),
(42, 'https://r.mradx.net/pictures/6E/385D90.jpg', 32),
(43, 'http://mail.ru//rs.mail.ru/d523187.gif', 32),
(44, 'http://mail.ru//r3.mail.ru/k?fver=0&amp;mh=81e4121baf7286eca0b199916eff4bfd&amp;js=0', 32),
(45, 'http://mail.ru//reklama.mail.ru/d17184638.gif', 32),
(46, 'https://rs.mail.ru/d1165028.gif?rnd=201802055&ts=1467969459', 32),
(47, 'http://mail.ru//rs.mail.ru/d703057.gif', 32),
(48, 'http://yandex.ru//yastatic.net/lego/_/La6qi18Z8LwgnZdsAr1qy1GwCwo.gif', 33),
(49, 'https://mc.yandex.ru/watch/722545', 33),
(50, 'http://softodrom.ru/img/menu/home.jpg', 34),
(51, 'http://softodrom.ru/img/menu/search.jpg', 34),
(52, 'http://softodrom.ru/img/menu/bookmark.jpg', 34),
(53, 'http://softodrom.ru/img/menu/vkontakte.jpg', 34),
(54, 'http://softodrom.ru/img/menu/twitter.jpg', 34),
(55, 'http://www.softodrom.ru/img/profile.png', 34),
(56, 'http://www.softodrom.ru/img/blog.png', 34),
(57, 'http://www.softodrom.ru/img/blog_add.png', 34),
(58, 'http://www.softodrom.ru/img/updated.png', 34),
(59, 'http://www.softodrom.ru/img/hide_left.png', 34),
(60, 'http://www.softodrom.ru/img/forum.png', 34),
(61, 'http://www.softodrom.ru/img/logout.png', 34),
(62, 'http://softodrom.ru/img/favourite_active.jpg', 34),
(63, 'http://softodrom.ru//counter.yadro.ru/logo?16.3', 34),
(64, 'http://softodrom.ru//bs.yandex.ru/informer/26997177/3_1_FFFFFFFF_EFEFEFFF_0_pageviews', 34),
(65, 'http://softodrom.ru//mc.yandex.ru/watch/26997177', 34),
(66, 'http://soft.softodrom.ru/screens/soft/24/3761/small_2042049896.png', 34),
(67, 'http://soft.softodrom.ru/pimg/small_9920.jpeg', 34),
(68, 'http://soft.softodrom.ru/screens/soft/24/21537/small_1908610843.png', 34),
(69, 'http://soft.softodrom.ru/screens/soft/21/1031/small_1371756091.png', 34),
(70, 'http://softodrom.ru/img/menu/home.jpg', 34),
(71, 'http://softodrom.ru/img/menu/search.jpg', 34),
(72, 'http://softodrom.ru/img/menu/bookmark.jpg', 34),
(73, 'http://softodrom.ru/img/menu/vkontakte.jpg', 34),
(74, 'http://softodrom.ru/img/menu/twitter.jpg', 34),
(75, 'http://www.softodrom.ru/img/profile.png', 34),
(76, 'http://www.softodrom.ru/img/blog.png', 34),
(77, 'http://www.softodrom.ru/img/blog_add.png', 34),
(78, 'http://www.softodrom.ru/img/updated.png', 34),
(79, 'http://www.softodrom.ru/img/hide_left.png', 34),
(80, 'http://www.softodrom.ru/img/forum.png', 34),
(81, 'http://www.softodrom.ru/img/logout.png', 34),
(82, 'http://softodrom.ru/img/favourite_active.jpg', 34),
(83, 'http://softodrom.ru//counter.yadro.ru/logo?16.3', 34),
(84, 'http://softodrom.ru//bs.yandex.ru/informer/26997177/3_1_FFFFFFFF_EFEFEFFF_0_pageviews', 34),
(85, 'http://softodrom.ru//mc.yandex.ru/watch/26997177', 34),
(86, 'http://soft.softodrom.ru/screens/soft/24/3761/small_2042049896.png', 34),
(87, 'http://soft.softodrom.ru/pimg/small_9920.jpeg', 34),
(88, 'http://soft.softodrom.ru/screens/soft/24/21537/small_1908610843.png', 34),
(89, 'http://soft.softodrom.ru/screens/soft/21/1031/small_1371756091.png', 34),
(90, 'http://google.ru/textinputassistant/tia.png', 35),
(91, 'http://mail.ru//rs.mail.ru/d703055.gif', 32),
(92, 'http://mail.ru//www.tns-counter.ru/V13a****mail_ru/ru/UTF-8/tmsec=mail_main/', 32),
(93, 'https://rs.mail.ru/d1398861.gif?rnd=190127890&ts=1467972035', 32),
(94, 'http://mail.ru//top-fwz1.mail.ru/counter?id=110605;js=na;r=', 32),
(95, 'https://ad.mail.ru/i1629.gif', 32),
(96, 'http://mail.ru//limg.imgsmail.ru/splash/v/i/logo-7f804cc19c.v5.png', 32),
(97, 'http://mail.ru//limg.imgsmail.ru/splash/v/i/logo_wide-b41947b93e.v5.png', 32),
(98, 'http://mail.ru''+images[mr.retina?i+2:i]+''', 32),
(99, 'https://r.mradx.net/pictures/1F/1EEE48.jpg', 32),
(100, 'https://r.mradx.net/pictures/53/DF0138.jpg', 32),
(101, 'https://rs.mail.ru/d1698795.gif?rnd=191689012&ts=1467972035', 32),
(102, 'https://rs.mail.ru/d800294.gif?rnd=454759567&ts=1467972035', 32),
(103, 'https://rs.mail.ru/d1847272.gif?rnd=101195901&ts=1467972035', 32),
(104, 'http://mail.ru''+y[0]+''', 32),
(105, 'http://mail.ru''+y[0]+''', 32),
(106, 'https://rs.mail.ru/d22027585.gif?sz=0&amp;rnd=207375683&ts=1467972035&sz=0', 32),
(107, 'https://r.mradx.net/pictures/7F/74C646.jpg', 32),
(108, 'https://r.mradx.net/pictures/EA/4C1F59.jpg', 32),
(109, 'https://r.mradx.net/pictures/2A/DDC63E.jpg', 32),
(110, 'https://r.mradx.net/pictures/58/46DF8D.jpg', 32),
(111, 'https://r.mradx.net/pictures/68/8EDF69.jpg', 32),
(112, 'https://r.mradx.net/pictures/16/EB955D.jpg', 32),
(113, 'https://r.mradx.net/pictures/AA/2C0E6B.jpg', 32),
(114, 'https://r.mradx.net/pictures/6C/4D6153.jpg', 32),
(115, 'https://r.mradx.net/pictures/3E/894CC7.jpg', 32),
(116, 'https://r.mradx.net/pictures/84/3614AD.jpg', 32),
(117, 'https://r.mradx.net/pictures/C6/C77857.jpg', 32),
(118, 'https://r.mradx.net/pictures/44/18015C.jpg', 32),
(119, 'https://r.mradx.net/pictures/6C/C58EDA.jpg', 32),
(120, 'https://rs.mail.ru/d12027165.gif?rnd=120115816&ts=1467972035', 32),
(121, 'https://rs.mail.ru/d1535003.gif?rnd=148793827&ts=1467972035', 32),
(122, 'https://rs.mail.ru/d22165646.gif?rnd=474132473&ts=1467972035', 32),
(123, 'https://r.mradx.net/pictures/05/E64729.jpg', 32),
(124, 'https://r.mradx.net/pictures/AB/6ECD10.jpg', 32),
(125, 'https://r.mradx.net/pictures/5F/202707.jpg', 32),
(126, 'https://r.mradx.net/pictures/19/50C877.jpg', 32),
(127, 'https://rs.mail.ru/d781388.gif?rnd=789720731&ts=1467972035', 32),
(128, 'https://rs.mail.ru/d707963.gif?rnd=100156540&ts=1467972035', 32),
(129, 'https://rs.mail.ru/d22165434.gif?rnd=181034105&ts=1467972035', 32),
(130, 'https://rs.mail.ru/d22155403.gif?rnd=857613790&ts=1467972035', 32),
(131, 'https://r.mradx.net/pictures/3D/698EEA.jpg', 32),
(132, 'https://r.mradx.net/pictures/6E/385D90.jpg', 32),
(133, 'http://mail.ru//rs.mail.ru/d523187.gif', 32),
(134, 'http://mail.ru//r3.mail.ru/k?fver=0&amp;mh=81e4121baf7286eca0b199916eff4bfd&amp;js=0', 32),
(135, 'http://mail.ru//reklama.mail.ru/d17184638.gif', 32),
(136, 'https://rs.mail.ru/d1165028.gif?rnd=170933528&ts=1467972035', 32),
(137, 'http://mail.ru//rs.mail.ru/d703057.gif', 32),
(138, 'http://mail.ru//rs.mail.ru/d703055.gif', 32),
(139, 'http://mail.ru//www.tns-counter.ru/V13a****mail_ru/ru/UTF-8/tmsec=mail_main/', 32),
(140, 'https://rs.mail.ru/d1398861.gif?rnd=189795625&ts=1467972433', 32),
(141, 'http://mail.ru//top-fwz1.mail.ru/counter?id=110605;js=na;r=', 32),
(142, 'https://ad.mail.ru/i1629.gif', 32),
(143, 'http://mail.ru//limg.imgsmail.ru/splash/v/i/logo-7f804cc19c.v5.png', 32),
(144, 'http://mail.ru//limg.imgsmail.ru/splash/v/i/logo_wide-b41947b93e.v5.png', 32),
(145, 'http://mail.ru''+images[mr.retina?i+2:i]+''', 32),
(146, 'https://r.mradx.net/pictures/01/4B96D3.jpg', 32),
(147, 'https://r.mradx.net/pictures/53/DF0138.jpg', 32),
(148, 'https://rs.mail.ru/d1698795.gif?rnd=450125642&ts=1467972433', 32),
(149, 'https://rs.mail.ru/d1763719.gif?rnd=723212332&ts=1467972433', 32),
(150, 'https://rs.mail.ru/d630819.gif?rnd=746428351&ts=1467972433', 32),
(151, 'http://mail.ru''+y[0]+''', 32),
(152, 'http://mail.ru''+y[0]+''', 32),
(153, 'https://rs.mail.ru/d22027585.gif?sz=0&amp;rnd=180939043&ts=1467972433&sz=0', 32),
(154, 'https://r.mradx.net/pictures/7F/74C646.jpg', 32),
(155, 'https://r.mradx.net/pictures/EA/4C1F59.jpg', 32),
(156, 'https://r.mradx.net/pictures/2A/DDC63E.jpg', 32),
(157, 'https://r.mradx.net/pictures/58/46DF8D.jpg', 32),
(158, 'https://r.mradx.net/pictures/68/8EDF69.jpg', 32),
(159, 'https://r.mradx.net/pictures/16/EB955D.jpg', 32),
(160, 'https://r.mradx.net/pictures/AA/2C0E6B.jpg', 32),
(161, 'https://r.mradx.net/pictures/6C/4D6153.jpg', 32),
(162, 'https://r.mradx.net/pictures/3E/894CC7.jpg', 32),
(163, 'https://r.mradx.net/pictures/84/3614AD.jpg', 32),
(164, 'https://r.mradx.net/pictures/C6/C77857.jpg', 32),
(165, 'https://r.mradx.net/pictures/44/18015C.jpg', 32),
(166, 'https://r.mradx.net/pictures/6C/C58EDA.jpg', 32),
(167, 'https://rs.mail.ru/d12027165.gif?rnd=457917393&ts=1467972433', 32),
(168, 'https://rs.mail.ru/d1533731.gif?rnd=199279608&ts=1467972433', 32),
(169, 'https://rs.mail.ru/d22165646.gif?rnd=176563355&ts=1467972433', 32),
(170, 'https://r.mradx.net/pictures/05/E64729.jpg', 32),
(171, 'https://r.mradx.net/pictures/AB/6ECD10.jpg', 32),
(172, 'https://r.mradx.net/pictures/5F/202707.jpg', 32),
(173, 'https://r.mradx.net/pictures/19/50C877.jpg', 32),
(174, 'https://rs.mail.ru/d781388.gif?rnd=123543313&ts=1467972433', 32),
(175, 'https://rs.mail.ru/d707963.gif?rnd=162920848&ts=1467972433', 32),
(176, 'https://rs.mail.ru/d22165434.gif?rnd=643420024&ts=1467972433', 32),
(177, 'https://rs.mail.ru/d22155403.gif?rnd=144447983&ts=1467972433', 32),
(178, 'https://r.mradx.net/pictures/3D/698EEA.jpg', 32),
(179, 'https://r.mradx.net/pictures/6E/385D90.jpg', 32),
(180, 'http://mail.ru//rs.mail.ru/d523187.gif', 32),
(181, 'http://mail.ru//r3.mail.ru/k?fver=0&amp;mh=81e4121baf7286eca0b199916eff4bfd&amp;js=0', 32),
(182, 'http://mail.ru//reklama.mail.ru/d17184638.gif', 32),
(183, 'https://rs.mail.ru/d1165028.gif?rnd=620566423&ts=1467972433', 32),
(184, 'http://mail.ru//rs.mail.ru/d703057.gif', 32);

-- --------------------------------------------------------

--
-- Структура таблицы `links`
--

CREATE TABLE IF NOT EXISTS `links` (
  `id` smallint(6) NOT NULL AUTO_INCREMENT,
  `link` varchar(500) NOT NULL,
  `ext_id` smallint(11) NOT NULL,
  PRIMARY KEY (`id`),
  KEY `ex_id` (`ext_id`)
) ENGINE=InnoDB  DEFAULT CHARSET=utf8 AUTO_INCREMENT=1248 ;

--
-- Дамп данных таблицы `links`
--

INSERT INTO `links` (`id`, `link`, `ext_id`) VALUES
(1, 'https://r.mail.ru/n201584216?sz=39&amp;rnd=207032193', 32),
(2, 'https://r.mail.ru/n214942162?sz=39&amp;rnd=207032193', 32),
(3, 'https://r.mail.ru/n201584217?sz=39&amp;rnd=207032193', 32),
(4, 'https://r.mail.ru/n165062873?sz=39&amp;rnd=207032193', 32),
(5, 'https://r.mail.ru/n214942163?sz=39&amp;rnd=207032193', 32),
(6, 'https://r.mail.ru/n93284360?sz=39&amp;rnd=207032193', 32),
(7, 'https://r.mail.ru/n211521266?sz=39&amp;rnd=207032193', 32),
(8, 'https://r.mail.ru/n93284362?sz=39&amp;rnd=207032193', 32),
(9, 'https://r.mail.ru/n201584218?sz=39&amp;rnd=207032193', 32),
(10, 'https://r.mail.ru/cls1074201/auth.mail.ru/cgi-bin/logout?next=1&lang=ru_RU&Page=https%3A%2F%2Fmail.ru%2F%3Ffrom%3Dlogout%26ref%3Dmain', 32),
(11, 'https://r.mail.ru/cls718344/r.mail.ru/clb1126010/e.mail.ru/signup?from=navi&lang=ru_RU&siteid=169&amp;rnd=207032193', 32),
(12, 'https://r.mail.ru/cls951827/e.mail.ru/login?lang=ru_RU', 32),
(13, 'http://mail.ru//mail.ru', 32),
(14, 'https://e.mail.ru/login?from=main', 32),
(15, 'https://cloud.mail.ru/?utm_source=mainpage_promo&utm_medium=mainpage_promo&utm_campaign=иконки%20на%20главной/', 32),
(16, 'https://promo.calendar.mail.ru/', 32),
(17, 'https://e.mail.ru/messages/inbox/', 32),
(18, 'https://auth.mail.ru/cgi-bin/logout?next=1&Page=https%3A%2F%2Fmail.ru%2F%3Ffrom%3Dlogout%26ref%3Dmain', 32),
(19, 'https://e.mail.ru/messages/inbox/', 32),
(20, 'http://mail.ru//e.mail.ru/messages/inbox/', 32),
(21, 'https://e.mail.ru/compose/', 32),
(22, 'https://e.mail.ru/signup?from=main_mailpromo_reg', 32),
(23, 'https://e.mail.ru/password/restore/', 32),
(24, 'https://e.mail.ru/signup?from=main_noc', 32),
(25, 'https://e.mail.ru/signup?from=main_noc', 32),
(26, 'http://www.icq.com/ru', 32),
(27, 'http://my.mail.ru?from=splash', 32),
(28, 'http://my.mail.ru/?from=splash&browse=dialogues', 32),
(29, 'http://r.mail.ru/n117141368', 32),
(30, 'http://ok.ru/?_erv=vszatwybdjnmnedtcwq', 32),
(31, 'http://www.ok.ru/gifts?st.cmd=giftsFront&amp;st.or=USER_MENU&amp;st._aid=LBAID_UCM_Promo&amp;st.bId=11069923', 32),
(32, 'http://ok.ru/messages', 32),
(33, 'http://ok.ru/notifications', 32),
(34, 'http://ok.ru/marks', 32),
(35, 'http://r.mail.ru/cln10342/ok.ru/?_erv=vyiettrfgrpgnedkwz', 32),
(36, 'http://r.mail.ru/cln10343/ok.ru/dk?st.cmd=anonymMain&amp;st.registration=on&amp;_erv=vwdduzstwemgoeduc', 32),
(37, 'http://agent.mail.ru/web', 32),
(38, 'http://agent.mail.ru/web', 32),
(39, 'https://cloud.mail.ru/?utm_source=mainpage&amp;utm_medium=banner&amp;utm_campaign=MainpageLeftColumn', 32),
(40, 'https://cloud.mail.ru/?utm_source=mainpage&amp;utm_medium=banner&amp;utm_campaign=MainpageLeftColumn', 32),
(41, 'http://torg.mail.ru/?utm_source=main_link&amp;utm_medium=rb&amp;utm_campaign=title', 32),
(42, 'http://torg.mail.ru/notebooks/?_1ld=2058055_0&_1lp=1}', 32),
(43, 'https://r.mail.ru/n185210348?&amp;rnd=133277752', 32),
(44, 'https://r.mail.ru/n185210349?&amp;rnd=133277752', 32),
(45, 'https://r.mail.ru/n185210350?&amp;rnd=133277752', 32),
(46, 'http://r.mail.ru/clb657253/go.mail.ru/search?fm=1&amp;q=', 32),
(47, 'http://r.mail.ru/clb657254/go.mail.ru/search_images?fr=mailru&amp;fm=1&amp;q=', 32),
(48, 'http://r.mail.ru/clb657255/go.mail.ru/search_video?fr=mailru&amp;fm=1&amp;q=', 32),
(49, 'http://r.mail.ru/clb20714157/go.mail.ru/search_apps?fr=mailru&amp;fm=1&amp;q=', 32),
(50, 'http://r.mail.ru/clb657259/go.mail.ru/otvet?fr=mailru&amp;fm=1&amp;q=', 32),
(51, 'http://mail.ru<%=', 32),
(52, 'https://r.mail.ru/n229372247?sz=0&amp;rnd=738580719', 32),
(53, 'https://news.mail.ru/', 32),
(54, 'http://news.mail.ru/inregions/st_petersburg/91/', 32),
(55, 'https://sport.mail.ru/', 32),
(56, 'https://auto.mail.ru/', 32),
(57, 'https://afisha.mail.ru/', 32),
(58, 'https://lady.mail.ru/', 32),
(59, 'http://games.mail.ru/pc/', 32),
(60, 'https://hi-tech.mail.ru/', 32),
(61, 'http://mail.ruonclick=', 32),
(62, 'https://sport.mail.ru/news/football-euro/26371923/?frommail=1', 32),
(63, 'https://sport.mail.ru/news/football-euro/26371923/?frommail=1', 32),
(64, 'https://sport.mail.ru/news/football-euro/26371923/?frommail=1', 32),
(65, 'https://news.mail.ru/incident/26374869/?frommail=1', 32),
(66, 'https://news.mail.ru/politics/26372380/?frommail=1', 32),
(67, 'https://news.mail.ru/politics/26374463/?frommail=1', 32),
(68, 'https://sport.mail.ru/news/football-euro/26375677/?frommail=1', 32),
(69, 'https://news.mail.ru/economics/26376265/?frommail=1', 32),
(70, 'https://auto.mail.ru/article/61341-mvd_opredelilos_s_razmerom_shtrafa_za_opasnoe_vozhdenie/?frommail=10&fromnews=1', 32),
(71, 'https://news.mail.ru/incident/26375282/?frommail=10', 32),
(72, 'https://news.mail.ru/society/26376257/?frommail=10', 32),
(73, 'https://news.mail.ru/society/26374626/?frommail=10', 32),
(74, 'https://sport.mail.ru/news/football-euro/26368524/?frommail=1', 32),
(75, 'https://auto.mail.ru/', 32),
(76, 'https://auto.mail.ru/article/61337-v_helsinki_zapretyat_lichnye_avtomobili/', 32),
(77, 'https://afisha.mail.ru/', 32),
(78, 'https://afisha.mail.ru/cinema/articles/47409/?from=mr_news', 32),
(79, 'http://mail.ru+y[0]+', 32),
(80, 'https://pogoda.mail.ru/', 32),
(81, 'https://pogoda.mail.ru/prognoz/sankt_peterburg/', 32),
(82, 'https://news.mail.ru/currency.html', 32),
(83, 'https://news.mail.ru/currency.html?charcode=USD', 32),
(84, 'https://news.mail.ru/currency.html?charcode=EUR', 32),
(85, 'https://horo.mail.ru/', 32),
(86, 'https://horo.mail.ru/prediction/cancer/today/', 32),
(87, 'https://horo.mail.ru/prediction/cancer/today/', 32),
(88, 'https://tv.mail.ru/', 32),
(89, 'https://news.mail.ru/currency.html?type=lme&amp;code=OIL2', 32),
(90, 'https://sport.mail.ru/football2016/?frommail=1', 32),
(91, 'http://mail.ru//games.mail.ru/?from=main_nano', 32),
(92, 'http://1l-go.mail.ru/r/adid/2130921_1/pid/100022/pof/1/f/3/', 32),
(93, 'http://1l-go.mail.ru/r/adid/2130922_1/pid/274/pof/1/f/3/', 32),
(94, 'http://1l-go.mail.ru/r/adid/191321_1553/pid/100170/pof/1/f/1/', 32),
(95, 'http://1l-go.mail.ru/r/adid/191321_844/pid/100170/pof/1/f/1/', 32),
(96, 'http://1l-go.mail.ru/r/adid/2130923_1/pid/100264/pof/1/f/1/', 32),
(97, 'http://1l-go.mail.ru/r/adid/2130924_1/pid/100227/pof/1/f/1/', 32),
(98, 'http://games.mail.ru/play/client/best/?from=mainclient_nano', 32),
(99, 'http://minigames.mail.ru', 32),
(100, 'http://games.mail.ru/play/browser/best/?from=mainbrowser_nano', 32),
(101, 'http://games.mail.ru/', 32),
(102, 'http://mail.ru//mail.ru/', 32),
(103, 'http://mail.ru//corp.mail.ru/', 32),
(104, 'http://mail.ru//corp.mail.ru/adv/', 32),
(105, 'http://mail.ru//corp.mail.ru/ru/jobs/vacancy/', 32),
(106, 'http://r.mail.ru/n197081892', 32),
(107, 'http://team.mail.ru', 32),
(108, 'https://help.mail.ru/main-support', 32),
(109, 'https://help.mail.ru/mail-help', 32),
(110, 'http://my.mail.ru/mail/seva7z/photo/3520/5358.html?bestfotos=1', 32),
(111, 'http://my.mail.ru/mail/finansist_76/photo/170/177.html?bestfotos=1', 32),
(112, 'http://my.mail.ru/mail/galchyonkov/photo/1472/3858.html?bestfotos=1', 32),
(113, 'http://my.mail.ru/mail/mobiledisk/photo/241783/241819.html?bestfotos=1', 32),
(114, 'http://my.mail.ru/mail/seva7z/photo/3520/5358.html?bestfotos=1', 32),
(115, 'http://my.mail.ru/mail/finansist_76/photo/170/177.html?bestfotos=1', 32),
(116, 'http://my.mail.ru/mail/galchyonkov/photo/1472/3858.html?bestfotos=1', 32),
(117, 'http://my.mail.ru/mail/mobiledisk/photo/241783/241819.html?bestfotos=1', 32),
(118, 'https://news.mail.ru/society/26368068/?frommail=1', 32),
(119, 'https://news.mail.ru/society/26368068/?frommail=1', 32),
(120, 'https://news.mail.ru/society/26368068/?frommail=1', 32),
(121, 'https://news.mail.ru/incident/26361562/?frommail=1', 32),
(122, 'https://news.mail.ru/economics/26365502/?frommail=1', 32),
(123, 'https://news.mail.ru/incident/26369619/?frommail=1', 32),
(124, 'https://news.mail.ru/incident/26371314/?frommail=1', 32),
(125, 'https://news.mail.ru/society/26367580/?frommail=1', 32),
(126, 'https://news.mail.ru/society/26367579/?frommail=1', 32),
(127, 'https://news.mail.ru/incident/26369617/?frommail=1', 32),
(128, 'https://news.mail.ru/incident/26353360/?frommail=1', 32),
(129, 'https://news.mail.ru/incident/26366914/?frommail=1', 32),
(130, 'https://sport.mail.ru/', 32),
(131, 'https://sport.mail.ru/news/football-foreign/26360786/?frommail=1', 32),
(132, 'https://auto.mail.ru/', 32),
(133, 'https://auto.mail.ru/article/61329-rossiiskii_vnedorozhnik_v_kitae_nachalsya_polnomasshtabnyi_vypusk/', 32),
(134, 'https://realty.mail.ru/', 32),
(135, 'https://realty.mail.ru/news/34034/most_v_krym_budut_stroit_studenty/?utm_source=mail.ru&utm_medium=banner_1548_3098094&utm_campaign=realty.news_spb', 32),
(136, 'https://sport.mail.ru/news/football-euro/26374069/?frommail=1', 32),
(137, 'https://sport.mail.ru/news/football-euro/26374069/?frommail=1', 32),
(138, 'https://sport.mail.ru/news/football-euro/26376552/?frommail=1', 32),
(139, 'https://sport.mail.ru/news/football-national/26373778/?frommail=1', 32),
(140, 'https://sport.mail.ru/news/football-rus-premier/26373923/?frommail=1', 32),
(141, 'https://sport.mail.ru/news/football-foreign/26373666/?frommail=1', 32),
(142, 'https://sport.mail.ru/news/football/26373796/?frommail=1', 32),
(143, 'https://sport.mail.ru/news/football-national/26376120/?frommail=1', 32),
(144, 'https://sport.mail.ru/news/football-euro/26373798/?frommail=1', 32),
(145, 'https://sport.mail.ru/news/football-euro/26373207/?frommail=1', 32),
(146, 'https://sport.mail.ru/news/football-rus-premier/26372006/?frommail=1', 32),
(147, 'https://sport.mail.ru/news/football-euro/26374068/?frommail=1', 32),
(148, 'https://sport.mail.ru/news/football-euro/26375634/?frommail=1', 32),
(149, 'https://sport.mail.ru/news/football-foreign/26374378/?frommail=1', 32),
(150, 'https://auto.mail.ru/article/61329-rossiiskii_vnedorozhnik_v_kitae_nachalsya_polnomasshtabnyi_vypusk/', 32),
(151, 'https://auto.mail.ru/article/61329-rossiiskii_vnedorozhnik_v_kitae_nachalsya_polnomasshtabnyi_vypusk/', 32),
(152, 'https://auto.mail.ru/article/61346-amerikanec_ugnal_avtomobil_za_12_minut_pri_pomoshchi_noutbuka_video/', 32),
(153, 'https://auto.mail.ru/article/61344-anglo-avstriiskii_giperkar_stanet_korolem_skorosti/', 32),
(154, 'https://auto.mail.ru/article/61343-sobyanin_uvolil_glavnogo_evakuatorshchika_moskvy/', 32),
(155, 'https://auto.mail.ru/article/61342-verhovnyi_sud_nekotorye_voditeli_obyazany_ezdit_s_medspravkoi/', 32),
(156, 'https://auto.mail.ru/article/61153-eksperiment_skolko_topliva_szhigayut_lyubiteli_rezkih_startov/', 32),
(157, 'https://auto.mail.ru/article/61333-remont_dorog_v_rossii_5_hudshih_primerov/', 32),
(158, 'https://auto.mail.ru/article/61338-stali_izvestny_rossiiskie_ceny_na_obnovlennyi_nissan_gt-r/', 32),
(159, 'https://auto.mail.ru/article/61336-psa_na_doroge_rashod_topliva_na_50_bolshe_chem_pri_ispytaniyah/', 32),
(160, 'https://auto.mail.ru/article/61337-v_helsinki_zapretyat_lichnye_avtomobili/', 32),
(161, 'https://auto.mail.ru/article/61335-nazvany_regiony_rossii_s_samymi_starymi_avtomobilyami/', 32),
(162, 'https://auto.mail.ru/article/61331-prodazhi_avtomobilei_v_rossii_est_predvaritelnye_rezultaty/', 32),
(163, 'https://auto.mail.ru/article/61330-semka_s_telefona_stanet_dokazatelstvom_narusheniya_pdd/', 32),
(164, 'https://afisha.mail.ru/cinema/news/47458/?from=mr_news', 32),
(165, 'https://afisha.mail.ru/cinema/news/47458/?from=mr_news', 32),
(166, 'https://afisha.mail.ru/series/news/47457/?from=mr_news', 32),
(167, 'https://afisha.mail.ru/cinema/articles/47409/?from=mr_news', 32),
(168, 'https://afisha.mail.ru/series/articles/47456/?from=mr_news', 32),
(169, 'https://afisha.mail.ru/cinema/news/47455/?from=mr_news', 32),
(170, 'https://afisha.mail.ru/cinema/news/47453/?from=mr_news', 32),
(171, 'https://afisha.mail.ru/stars/selection/501_ne_rodis_krasivoi_uspeshnie_aktrisi_s_nestandartnoi_vneshnostyu/?from=mr_news', 32),
(172, 'https://afisha.mail.ru/cinema/news/47452/?from=mr_news', 32),
(173, 'https://afisha.mail.ru/series/news/47451/?from=mr_news', 32),
(174, 'https://afisha.mail.ru/cinema/news/47450/?from=mr_news', 32),
(175, 'https://afisha.mail.ru/cinema/news/47448/?from=mr_news', 32),
(176, 'https://afisha.mail.ru/tvshow/news/47449/?from=mr_news', 32),
(177, 'https://afisha.mail.ru/cinema/articles/46061/?from=mr_news', 32),
(178, 'https://lady.mail.ru/article/491201-plastika-ili-estestvennost-sravnivaem-kak-starejut-zvezdnye-rovesniki/', 32),
(179, 'https://lady.mail.ru/article/491201-plastika-ili-estestvennost-sravnivaem-kak-starejut-zvezdnye-rovesniki/', 32),
(180, 'https://lady.mail.ru/article/491218-anastasija-volochkova-ustroila-pljazhnuju-fotosessiju/', 32),
(181, 'https://lady.mail.ru/article/491192-borodina-otmetila-godovshhinu-svadby-s-podrugami-no-bez-muzha/', 32),
(182, 'https://lady.mail.ru/article/491227-janebojusskazat-zhenshhiny-deljatsja-v-internete-istorijami-o-nasilii/', 32),
(183, 'https://lady.mail.ru/article/491193-49-letnjaja-holli-berri-pokazala-foto-v-kupalnike/', 32),
(184, 'https://lady.mail.ru/article/491234-marija-ivakova-rasskazala-o-plastike-i-zhelanii-byt-doma/', 32),
(185, 'https://lady.mail.ru/article/491195-printsessa-saudovskoj-aravii-vozglavila-arabskij-vogue/', 32),
(186, 'https://lady.mail.ru/article/491228-zvezda-klipa-leningrada-pro-labuteny-vyshla-zamuzh/', 32),
(187, 'https://lady.mail.ru/article/491210-rossijskie-brendy-kosmetiki-o-kotoryh-pora-uznat-vsem/', 32),
(188, 'https://deti.mail.ru/', 32),
(189, 'https://deti.mail.ru/news/u-sergeya-bezrugova-rodilas-doch/', 32),
(190, 'https://deti.mail.ru/', 32),
(191, 'https://deti.mail.ru/child/yajca-v-pitanii-rebenka-skolko-polezno/', 32),
(192, 'https://health.mail.ru/', 32),
(193, 'https://health.mail.ru/news/neobychnye_sposoby_est_menshe/?utm_campaign=5331594&utm_medium=banner&utm_content=22165434&utm_source=mail.ru', 32),
(194, 'https://health.mail.ru/', 32),
(195, 'https://health.mail.ru/news/spetsialist_rasskazal_pochemu_ne_rabotayut/?utm_campaign=341529&utm_medium=banner&utm_content=22155403&utm_source=mail.ru', 32),
(196, 'https://games.mail.ru/pc/news/r/bezumnye_gonki_v_gta_online_i_drugie_novosti_dnja/?from=informer', 32),
(197, 'https://games.mail.ru/pc/news/r/bezumnye_gonki_v_gta_online_i_drugie_novosti_dnja/?from=informer', 32),
(198, 'https://games.mail.ru/pc/news/r/ekranizacija_tomb_raider_vyjdet_v_2018_godu/?from=informer', 32),
(199, 'https://games.mail.ru/pc/articles/feat/tualetnye_monstry/?from=informer', 32),
(200, 'https://games.mail.ru/pc/articles/review/blade_and_soul_russian_review/?from=informer', 32),
(201, 'https://games.mail.ru/pc/news/r/rossijanam_predlozhili_sokratit_gosbjudzhet_v_igre/?from=informer', 32),
(202, 'https://games.mail.ru/pc/news/r/microsoft_peredumala_po_povodu_ekskljuzivov/?from=informer', 32),
(203, 'https://games.mail.ru/pc/news/r/itogi_letnej_rasprodazhi_v_steam_i_drugie_novosti_dnja/?from=informer', 32),
(204, 'https://games.mail.ru/pc/news/r/vedmak_3_poluchit_polnoe_izdanie/?from=informer', 32),
(205, 'https://games.mail.ru/pc/articles/review/umbrella_corps/?from=informer', 32),
(206, 'https://games.mail.ru/pc/articles/feat/best_overwatch_female_cosplay_of_male_characters/?from=informer', 32),
(207, 'https://games.mail.ru/pc/news/r/prodazhi_red_dead_redemption_vzleteli_na_6000/?from=informer', 32),
(208, 'https://games.mail.ru/pc/articles/review/lego_star_wars_the_force_awakens/?from=informer', 32),
(209, 'https://games.mail.ru/pc/news/r/my_razygryvaem_beluju_playstation_4_glacier_white/?from=informer', 32),
(210, 'https://hi-tech.mail.ru/news/highscreeen-power-five-evo/?frommail=1', 32),
(211, 'https://hi-tech.mail.ru/news/highscreeen-power-five-evo/?frommail=1', 32),
(212, 'https://hi-tech.mail.ru/news/htc-10-lifestyle-price/?frommail=1', 32),
(213, 'https://hi-tech.mail.ru/news/new-nokia-p1/?frommail=1', 32),
(214, 'https://hi-tech.mail.ru/review/bigdata/?frommail=1', 32),
(215, 'https://hi-tech.mail.ru/news/putin-zakon-yarovoy/?frommail=1', 32),
(216, 'https://hi-tech.mail.ru/review/dyson-test/?frommail=1', 32),
(217, 'https://hi-tech.mail.ru/news/Speereo-data-compression/?frommail=1', 32),
(218, 'https://hi-tech.mail.ru/news/samsung-two-display-smartphone-patent/?frommail=1', 32),
(219, 'https://hi-tech.mail.ru/news/iphone-7-3d-scanning/?frommail=1', 32),
(220, 'https://hi-tech.mail.ru/review/360cam_review/?frommail=1', 32),
(221, 'https://hi-tech.mail.ru/news/HummingBad/?frommail=1', 32),
(222, 'https://hi-tech.mail.ru/news/ok-google/?frommail=1', 32),
(223, 'https://hi-tech.mail.ru/news/ase7ens/?frommail=1', 32),
(224, 'https://e.mail.ru/messages/inbox/', 32),
(225, 'https://e.mail.ru/login?from=multi', 32),
(226, 'https://r.mail.ru/clb1214203/help.mail.ru/mail-help/auth/multiauth', 32),
(227, 'http://yandex.ru//tune.yandex.ru/region/?retpath=https%3A%2F%2Fyandex.ru%2F%3Fdomredir%3D1&amp;laas=1', 33),
(228, 'http://yandex.ru//tune.yandex.ru', 33),
(229, 'http://yandex.ru//tune.yandex.ru/region/?retpath=https%3A%2F%2Fyandex.ru%2F%3Fdomredir%3D1&amp;laas=1', 33),
(230, 'http://yandex.ru//tune.yandex.ru/?retpath=https%3A%2F%2Fyandex.ru%2F%3Fdomredir%3D1&amp;laas=1', 33),
(231, 'https://passport.yandex.ru/registration/mail?from=mail&origin=home_v14_ru&retpath=https%3A%2F%2Fmail.yandex.ru', 33),
(232, 'https://mail.yandex.ru', 33),
(233, 'https://passport.yandex.ru/passport?mode=restore', 33),
(234, 'https://news.yandex.ru/?lang=ru', 33),
(235, 'https://news.yandex.ru/Petersburg', 33),
(236, 'https://time.yandex.ru', 33),
(237, 'https://news.yandex.ru/yandsearch?cl4url=www.interfax.ru/euro2016/517520&lang=ru&lr=2', 33),
(238, 'https://news.yandex.ru/yandsearch?cl4url=ria.ru/world/20160708/1461357772.html&lang=ru&lr=2', 33),
(239, 'https://news.yandex.ru/yandsearch?cl4url=www.ntv.ru/novosti/1641489/&lang=ru&lr=2', 33),
(240, 'https://news.yandex.ru/yandsearch?cl4url=www.gazeta.ru/social/2016/07/08/8380661.shtml&lang=ru&lr=2', 33),
(241, 'https://news.yandex.ru/yandsearch?cl4url=www.ntv.ru/novosti/1641498/&lang=ru&lr=2', 33),
(242, 'https://news.yandex.ru/yandsearch?cl4url=www.fontanka.ru/2016/07/08/053/&lang=ru&lr=2', 33),
(243, 'https://news.yandex.ru/yandsearch?cl4url=nevnov.ru/452000-peterburzhenka-zabyla-svoego-7-mesyachnogo-rebenka-v-podezde&lang=ru&lr=2', 33),
(244, 'https://news.yandex.ru/yandsearch?cl4url=neva.today/news/127512/&lang=ru&lr=2', 33),
(245, 'https://news.yandex.ru/yandsearch?cl4url=saint-petersburg.ru/m/society/apaley/350224/&lang=ru&lr=2', 33),
(246, 'https://news.yandex.ru/yandsearch?cl4url=www.spb.kp.ru/online/news/2445210/&lang=ru&lr=2', 33),
(247, 'https://news.yandex.ru/quotes/1.html', 33),
(248, 'https://news.yandex.ru/quotes/23.html', 33),
(249, 'https://news.yandex.ru/quotes/1006.html', 33),
(250, 'https://yandex.ru/maps', 33),
(251, 'https://market.yandex.ru/?clid=505', 33),
(252, 'https://news.yandex.ru/', 33),
(253, 'https://translate.yandex.ru/', 33),
(254, 'http://yandex.ru//yandex.ru/images/', 33),
(255, 'http://yandex.ru//yandex.ru/video', 33),
(256, 'https://music.yandex.ru/', 33),
(257, 'https://yandex.ru/all', 33),
(258, 'http://yandex.ru//avia.yandex.ru/?utm_source=yamain&utm_medium=popup&utm_campaign=allmordaru', 33),
(259, 'http://auto.ru/?from=tab-yandex-glavnaya', 33),
(260, 'https://afisha.yandex.ru/', 33),
(261, 'http://yandex.ru//blogs.yandex.ru/', 33),
(262, 'https://money.yandex.ru/', 33),
(263, 'https://disk.yandex.ru/?source=services-main', 33),
(264, 'https://yandex.ru/yaca/', 33),
(265, 'https://music.yandex.ru/', 33),
(266, 'http://yandex.ru//realty.yandex.ru/?from=morda_tab', 33),
(267, 'https://pogoda.yandex.ru/', 33),
(268, 'http://yandex.ru//yandex.ru/people', 33),
(269, 'https://mail.yandex.ru/', 33),
(270, 'https://yandex.ru/maps/probki', 33),
(271, 'https://travel.yandex.ru/?from=morda&utm_source=yandex_morda_tab&utm_medium=cpm&utm_campaign=yandex&utm_content=tab_exp', 33),
(272, 'https://rabota.yandex.ru/', 33),
(273, 'https://radio.yandex.ru/', 33),
(274, 'https://rasp.yandex.ru/', 33),
(275, 'https://tv.yandex.ru/', 33),
(276, 'http://fotki.yandex.ru/', 33),
(277, 'http://yandex.ru//mobile.yandex.ru/?from=desktop_morda_more', 33),
(278, 'http://soft.yandex.ru/?from=prov_all', 33),
(279, 'http://yandex.ru//www.yandex.ru/all', 33),
(280, 'https://pogoda.yandex.ru/saint-petersburg/', 33),
(281, 'https://pogoda.yandex.ru/saint-petersburg/', 33),
(282, 'https://pogoda.yandex.ru/saint-petersburg/', 33),
(283, 'https://pogoda.yandex.ru/saint-petersburg/', 33),
(284, 'https://yandex.ru/all', 33),
(285, 'https://market.yandex.ru/?clid=506', 33),
(286, 'https://market.yandex.ru/catalog?hid=7877999&clid=514&utm_source=face&utm_medium=cpc&utm_term=clothes&utm_campaign=world', 33),
(287, 'https://auto.ru/?from=morda&utm_source=yandex_list_service&utm_medium=cpm&utm_campaign=q3_yls_r10174_title&utm_content=wrdtth-21315_r10174&utm_term=avtomobili-ot-500-lc_wrdtth-21315', 33),
(288, 'https://auto.ru/cars/all/?listing=listing&power_from=500+%D0%BB.%D1%81.&from=morda&utm_source=yandex_list_service&utm_medium=cpm&utm_campaign=q3_yls_r10174_subtitle&utm_content=wrdtth-21315_r10174&utm_term=avtomobili-ot-500-lc_wrdtth-21315', 33),
(289, 'https://realty.yandex.ru/newbuilding/search?rgid=741965&deliveryDate=FINISHED&decoration=TURNKEY&from=morda&utm_source=yandex_sign&utm_medium=cpm&utm_campaign=newbuilding_spblo&utm_content=novye_kv_s_otdelkoj_spblo', 33),
(290, 'https://realty.yandex.ru/newbuilding/search?rgid=741965&deliveryDate=FINISHED&decoration=TURNKEY&from=morda&utm_source=yandex_sign&utm_medium=cpm&utm_campaign=newbuilding_spblo&utm_content=novye_kv_s_otdelkoj_spblo', 33),
(291, 'http://kinopoisk.ru/?utm_source=yamain&utm_medium=link_red&utm_campaign=main&utm_content=glavnaya', 33),
(292, 'http://yandex.ru//kinopoisk.ru/news/2785203/?utm_source=yamain&utm_medium=link_red&utm_campaign=news&utm_content=kp31', 33),
(293, 'http://yandex.ru//yandex.ru/video', 33),
(294, 'http://yandex.ru//yandex.ru/video/search?text=%D0%BB%D1%83%D1%87%D1%88%D0%B8%D0%B5%20%D1%84%D1%83%D1%82%D0%B1%D0%BE%D0%BB%D1%8C%D0%BD%D1%8B%D0%B5%20%D0%B3%D0%BE%D0%BB%D1%8B&safety=1', 33),
(295, 'https://travel.yandex.ru/search?to=983&when_flex=false&nights_flex=false&from=morda&utm_source=yandex_sign&utm_medium=cpm&utm_campaign=tr&utm_content=poehat_v_tr', 33),
(296, 'https://travel.yandex.ru/search?to=983&when_flex=false&nights_flex=false&from=morda&utm_source=yandex_sign&utm_medium=cpm&utm_campaign=tr&utm_content=poehat_v_tr', 33),
(297, 'https://money.yandex.ru/new?_openstat=purse;yandex;service', 33),
(298, 'https://money.yandex.ru/shops-phone.xml?ctid=157291&_openstat=gp;ya_service;bs_phone', 33),
(299, 'https://maps.yandex.ru/spb_traffic', 33),
(300, 'https://maps.yandex.ru/spb_traffic', 33),
(301, 'https://maps.yandex.ru/spb_traffic', 33),
(302, 'https://tv.yandex.ru/2/', 33),
(303, 'https://tv.yandex.ru/2/program/764806?eventId=86707813', 33),
(304, 'https://tv.yandex.ru/2/channels/317', 33),
(305, 'https://tv.yandex.ru/2/program/7121?eventId=86540767', 33),
(306, 'https://tv.yandex.ru/2/channels/137', 33),
(307, 'https://tv.yandex.ru/2/program/3102?eventId=86536281', 33),
(308, 'https://tv.yandex.ru/2/channels/79', 33),
(309, 'https://tv.yandex.ru/2/program/223697?eventId=86535057', 33),
(310, 'https://tv.yandex.ru/2/channels/146', 33),
(311, 'https://tv.yandex.ru/2/program/1952549?eventId=86563035', 33),
(312, 'https://tv.yandex.ru/2/channels/504', 33),
(313, 'https://tv.yandex.ru/2/program/159307?eventId=86541129', 33),
(314, 'https://tv.yandex.ru/2/channels/689', 33),
(315, 'https://tv.yandex.ru/search?text=%D0%95%D0%B2%D1%80%D0%BE-2016&utm_source=yamain&utm_medium=informer&utm_campaign=football&utm_content=chef2016', 33),
(316, 'http://yandex.ru//tune.yandex.ru/region/?retpath=https%3A%2F%2Fyandex.ru%2F%3Fdomredir%3D1&amp;laas=1', 33),
(317, 'https://yandex.ru/maps/?utm_source=geoblock_maps_sanktpeterburg', 33),
(318, 'http://yandex.ru//metro.yandex.ru/spb', 33),
(319, 'https://taxi.yandex.ru/?from=mtaxi_geoblock_spb', 33),
(320, 'https://rasp.yandex.ru/?utm_source=yamain&utm_medium=geoblock&utm_campaign=default', 33),
(321, 'https://afisha.yandex.ru/?city=saint-petersburg&utm_source=yamain&utm_medium=yamain_afisha', 33),
(322, 'https://afisha.yandex.ru/events/5587e3accc1c7211b4ea8079?city=saint-petersburg&amp;utm_source=yamain&amp;utm_medium=yamain_afisha', 33),
(323, 'https://afisha.yandex.ru/events/5587f815cc1c7211b4ebfd81?city=saint-petersburg&amp;utm_source=yamain&amp;utm_medium=yamain_afisha', 33),
(324, 'https://afisha.yandex.ru/events/55f7c9ba7abde9559c333676?city=saint-petersburg&amp;utm_source=yamain&amp;utm_medium=yamain_afisha', 33),
(325, 'https://afisha.yandex.ru/events/5587e90fcc1c7211b4eae215?city=saint-petersburg&amp;utm_source=yamain&amp;utm_medium=yamain_afisha', 33),
(326, 'https://afisha.yandex.ru/events/5587f358cc1c7211b4eba7c8?city=saint-petersburg&amp;utm_source=yamain&amp;utm_medium=yamain_afisha', 33),
(327, 'https://direct.yandex.ru/?from=maintest_ru_razmestitrekl', 33),
(328, 'https://direct.yandex.ru/?from=maintest_ru_razmestitrekl', 33),
(329, 'https://metrika.yandex.ru/?utm_source=yandexru.v14&utm_medium=web&utm_campaign=static', 33),
(330, 'https://yandex.ru/adv/?from=main_bottom', 33),
(331, 'https://kassa.yandex.ru/?_openstat=promo;yandex;', 33),
(332, 'https://yandex.ru/support/', 33),
(333, 'https://feedback2.yandex.ru/default/', 33),
(334, 'https://yandex.ru/jobs', 33),
(335, 'https://yandex.ru/blog/company/', 33),
(336, 'https://yandex.ru/company/', 33),
(337, 'https://yandex.com/company/', 33),
(338, 'https://yandex.ru/f16/', 33),
(339, 'https://yandex.ru/f16/event/431963', 33),
(340, 'https://yandex.ru/f16/event/431962', 33),
(341, 'https://yandex.ru/f16/', 33),
(342, 'http://softodrom.ru/', 34),
(343, 'http://soft.softodrom.ru/', 34),
(344, 'http://soft.softodrom.ru/%D0%9F%D1%80%D0%BE%D0%B3%D1%80%D0%B0%D0%BC%D0%BC%D1%8B/?ras=13', 34),
(345, 'http://soft.softodrom.ru/%D0%9F%D1%80%D0%BE%D0%B3%D1%80%D0%B0%D0%BC%D0%BC%D1%8B/?ras=16', 34),
(346, 'http://soft.softodrom.ru/%D0%9F%D1%80%D0%BE%D0%B3%D1%80%D0%B0%D0%BC%D0%BC%D1%8B/?ras=17', 34),
(347, 'http://soft.softodrom.ru/%D0%9F%D1%80%D0%BE%D0%B3%D1%80%D0%B0%D0%BC%D0%BC%D1%8B/?ras=11', 34),
(348, 'http://news.softodrom.ru/', 34),
(349, 'http://games.softodrom.ru/', 34),
(350, 'http://blogs.softodrom.ru/', 34),
(351, 'http://www.softboard.ru/', 34),
(352, 'http://soft.softodrom.ru/Новинки/', 34),
(353, 'http://softodrom.ru/Рейтинги/', 34),
(354, 'http://softodrom.ru/Статистика/', 34),
(355, 'http://soft.softodrom.ru/Авторам/', 34),
(356, 'http://feedback.softodrom.ru/', 34),
(357, 'http://softodrom.ru/Рассылки/', 34),
(358, 'http://softodrom.ru/Реклама/', 34),
(359, 'http://news.softodrom.ru/ap/b25430.shtml', 34),
(360, 'http://softodrom.ru/', 34),
(361, 'http://softodrom.ru/Поиск', 34),
(362, 'http://softodrom.ru/', 34),
(363, 'http://vkontakte.ru/club20121562', 34),
(364, 'http://www.softodrom.ru/Twitter/', 34),
(365, 'http://www.softodrom.ru/Регистрация/', 34),
(366, 'http://www.softodrom.ru/Восстановление+пароля/', 34),
(367, 'http://www.softboard.ru/', 34),
(368, 'http://www.softodrom.ru/Регистрация/', 34),
(369, 'http://www.softodrom.ru/Восстановление+пароля/', 34),
(370, 'http://www.softodrom.ru/Пользователь/', 34),
(371, 'http://www.softodrom.ru/Пользователь/', 34),
(372, 'http://blogs.softodrom.ru/Мой+блог/', 34),
(373, 'http://blogs.softodrom.ru/Мой+блог/Создание+заметки', 34),
(374, 'http://www.softodrom.ru/Пользователь/', 34),
(375, 'http://www.softboard.ru/', 34),
(376, 'http://www.softodrom.ru/Выход/', 34),
(377, 'http://soft.softodrom.ru/', 34),
(378, 'http://www.softodrom.ru/RSS+каналы/', 34),
(379, 'http://www.softodrom.ru/%D0%9F%D0%BE%D0%B8%D1%81%D0%BA/?text=portable&where=soft&results=50&soft_index=descr&news_index=descr&games_index=descr&blogs_index=description&page=1', 34),
(380, 'http://soft.softodrom.ru/Программы/?ras=0', 34),
(381, 'http://soft.softodrom.ru/Программы/?ras=9', 34),
(382, 'http://soft.softodrom.ru/Программы/?ras=12', 34),
(383, 'http://soft.softodrom.ru/Программы/?ras=1', 34),
(384, 'http://soft.softodrom.ru/Программы/?ras=3', 34),
(385, 'http://soft.softodrom.ru/Программы/?ras=6', 34),
(386, 'http://soft.softodrom.ru/Программы/?ras=2', 34),
(387, 'http://soft.softodrom.ru/Программы/?ras=4', 34),
(388, 'http://soft.softodrom.ru/Программы/?ras=5', 34),
(389, 'http://soft.softodrom.ru/Программы/?ras=7', 34),
(390, 'http://soft.softodrom.ru/Программы/?ras=8', 34),
(391, 'http://soft.softodrom.ru/Программы/?ras=10', 34),
(392, 'http://soft.softodrom.ru/Программы/?ras=13', 34),
(393, 'http://soft.softodrom.ru/Программы/?ras=16', 34),
(394, 'http://soft.softodrom.ru/Программы/?ras=17', 34),
(395, 'http://soft.softodrom.ru/Программы/?ras=11', 34),
(396, 'http://news.softodrom.ru/', 34),
(397, 'http://news.softodrom.ru/rss/', 34),
(398, 'http://blogs.softodrom.ru/', 34),
(399, 'http://blogs.softodrom.ru/rss/', 34),
(400, 'http://games.softodrom.ru/', 34),
(401, 'http://www.softodrom.ru/RSS+каналы/', 34),
(402, 'http://www.softboard.ru/', 34),
(403, 'http://www.softodrom.ru/RSS+каналы/', 34),
(404, 'http://www.liveinternet.ru/click', 34),
(405, 'https://metrika.yandex.ru/stat/?id=26997177&amp;from=informer', 34),
(406, 'http://soft.softodrom.ru/ap/K-Lite-Codec-Pack-Full-p3761', 34),
(407, 'http://soft.softodrom.ru/ap/K-Lite-Codec-Pack-Full-p3761', 34),
(408, 'http://soft.softodrom.ru/ap/Sweet-Home-p9920', 34),
(409, 'http://soft.softodrom.ru/ap/Sweet-Home-p9920', 34),
(410, 'http://soft.softodrom.ru/ap/Яндекс-Браузер-p21537', 34),
(411, 'http://soft.softodrom.ru/ap/Яндекс-Браузер-p21537', 34),
(412, 'http://soft.softodrom.ru/ap/RoboForm-p1031', 34),
(413, 'http://soft.softodrom.ru/ap/RoboForm-p1031', 34),
(414, 'http://soft.softodrom.ru/Новинки/', 34),
(415, 'http://www.softodrom.ru/RSS+каналы/', 34),
(416, 'http://soft.softodrom.ru/ap/Bolide-Movie-Creator-p23488', 34),
(417, 'http://soft.softodrom.ru/ap/Soft4Boost-Document-Converter-p24515', 34),
(418, 'http://soft.softodrom.ru/ap/Soft4Boost-Disc-Cover-Studio-p24448', 34),
(419, 'http://soft.softodrom.ru/ap/Soft4Boost-Any-Audio-Grabber-p22156', 34),
(420, 'http://soft.softodrom.ru/ap/Soft4Boost-Video-to-Flash-p23536', 34),
(421, 'http://soft.softodrom.ru/ap/Waze-Android-p22666', 34),
(422, 'http://soft.softodrom.ru/ap/F-Secure-Virus-Definitions-p175', 34),
(423, 'http://soft.softodrom.ru/ap/XviD4PSP-p7602', 34),
(424, 'http://soft.softodrom.ru/ap/CDBurnerXP-p2063', 34),
(425, 'http://soft.softodrom.ru/ap/Calibre-Portable-p20521', 34),
(426, 'http://soft.softodrom.ru/ap/Calibre-p19626', 34),
(427, 'http://soft.softodrom.ru/ap/Calibre-p19120', 34),
(428, 'http://soft.softodrom.ru/ap/Google-Chrome-p7439', 34),
(429, 'http://soft.softodrom.ru/ap/MPC-HC-p7580', 34),
(430, 'http://soft.softodrom.ru/ap/Google-Chrome-Portable-p7442', 34),
(431, 'http://soft.softodrom.ru/ap/ProgDVB-Standart-p3351', 34),
(432, 'http://soft.softodrom.ru/ap/ProgDVB-Pro-p21250', 34),
(433, 'http://soft.softodrom.ru/ap/Avira-Antivir-Virus-Definition-File-p182', 34),
(434, 'http://soft.softodrom.ru/ap/Avast-Virus-Definitions-p149', 34),
(435, 'http://soft.softodrom.ru/ap/Windows-Defender-Definition-Updates-p6431', 34),
(436, 'http://soft.softodrom.ru/ap/Dr-Web-CureIt-p575', 34),
(437, 'http://soft.softodrom.ru/ap/Карты-Windows-p26414', 34),
(438, 'http://soft.softodrom.ru/ap/LINE-Windows-Phone-10-p25068', 34),
(439, 'http://soft.softodrom.ru/ap/MPC-BE-p24352', 34),
(440, 'http://soft.softodrom.ru/ap/Samba-p2246', 34),
(441, 'http://soft.softodrom.ru/ap/VirtualBox-p6941', 34),
(442, 'http://soft.softodrom.ru/ap/VirtualBox-for-Linux-p6942', 34),
(443, 'http://soft.softodrom.ru/ap/AVG-AntiVirus-Update-p144', 34),
(444, 'http://soft.softodrom.ru/ap/Trend-Micro-Pattern-File-p209', 34),
(445, 'http://soft.softodrom.ru/ap/McAfee-Virus-SuperDAT-Definitions-Update-p98', 34),
(446, 'http://soft.softodrom.ru/Новинки/', 34),
(447, 'http://news.softodrom.ru/Новинки/', 34),
(448, 'http://www.softodrom.ru/RSS+каналы/', 34),
(449, 'http://news.softodrom.ru/ap/b25434.shtml', 34),
(450, 'http://news.softodrom.ru/ap/b25433.shtml', 34),
(451, 'http://news.softodrom.ru/ap/b25432.shtml', 34),
(452, 'http://news.softodrom.ru/ap/b25431.shtml', 34),
(453, 'http://news.softodrom.ru/ap/b25430.shtml', 34),
(454, 'http://news.softodrom.ru/ap/b25429.shtml', 34),
(455, 'http://news.softodrom.ru/ap/b25428.shtml', 34),
(456, 'http://news.softodrom.ru/ap/b25427.shtml', 34),
(457, 'http://news.softodrom.ru/ap/b25426.shtml', 34),
(458, 'http://news.softodrom.ru/ap/b25425.shtml', 34),
(459, 'http://news.softodrom.ru/ap/b25424.shtml', 34),
(460, 'http://news.softodrom.ru/ap/b25422.shtml', 34),
(461, 'http://news.softodrom.ru/ap/b25421.shtml', 34),
(462, 'http://news.softodrom.ru/ap/b25420.shtml', 34),
(463, 'http://news.softodrom.ru/ap/b25419.shtml', 34),
(464, 'http://news.softodrom.ru/ap/b25418.shtml', 34),
(465, 'http://news.softodrom.ru/ap/b25417.shtml', 34),
(466, 'http://news.softodrom.ru/ap/b25416.shtml', 34),
(467, 'http://news.softodrom.ru/ap/b25415.shtml', 34),
(468, 'http://news.softodrom.ru/ap/b25414.shtml', 34),
(469, 'http://news.softodrom.ru/ap/b25413.shtml', 34),
(470, 'http://news.softodrom.ru/ap/b25412.shtml', 34),
(471, 'http://news.softodrom.ru/ap/b25411.shtml', 34),
(472, 'http://news.softodrom.ru/ap/b25410.shtml', 34),
(473, 'http://news.softodrom.ru/ap/b25409.shtml', 34),
(474, 'http://news.softodrom.ru/ap/b25408.shtml', 34),
(475, 'http://news.softodrom.ru/ap/b25407.shtml', 34),
(476, 'http://news.softodrom.ru/ap/b25406.shtml', 34),
(477, 'http://news.softodrom.ru/Новинки/?page=2', 34),
(478, 'http://soft.softodrom.ru/Рейтинги/ТОП-Сегодня/', 34),
(479, 'http://soft.softodrom.ru/ap/PaperScan-Free-p20257', 34),
(480, 'http://soft.softodrom.ru/ap/ВКонтакте-iPhone-iPad-p22236', 34),
(481, 'http://soft.softodrom.ru/ap/Windows-Device-Recovery-Tool-p25484', 34),
(482, 'http://soft.softodrom.ru/ap/Debian-p6701', 34),
(483, 'http://soft.softodrom.ru/ap/Adobe-Flash-Player-Chrome-Opera-p3266', 34),
(484, 'http://soft.softodrom.ru/ap/ВКонтакте-Windows-8-1-10-p24013', 34),
(485, 'http://soft.softodrom.ru/ap/WinScan2PDF-Portable-p19093', 34),
(486, 'http://soft.softodrom.ru/ap/K-Lite-Codec-Pack-Full-p3761', 34),
(487, 'http://soft.softodrom.ru/ap/Google-Chrome-p7439', 34),
(488, 'http://soft.softodrom.ru/ap/MyPhoneExplorer-p6694', 34),
(489, 'http://soft.softodrom.ru/Рейтинги/ТОП-Недели/', 34),
(490, 'http://soft.softodrom.ru/ap/ВКонтакте-iPhone-iPad-p22236', 34),
(491, 'http://soft.softodrom.ru/ap/ВКонтакте-Windows-8-1-10-p24013', 34),
(492, 'http://soft.softodrom.ru/ap/PaperScan-Free-p20257', 34),
(493, 'http://soft.softodrom.ru/ap/Adobe-Flash-Player-Chrome-Opera-p3266', 34),
(494, 'http://soft.softodrom.ru/ap/Экзамен-ПДД-p22505', 34),
(495, 'http://soft.softodrom.ru/ap/Dr-Web-CureIt-p575', 34),
(496, 'http://soft.softodrom.ru/ap/Debian-p6701', 34),
(497, 'http://soft.softodrom.ru/ap/MyPhoneExplorer-p6694', 34),
(498, 'http://soft.softodrom.ru/ap/K-Lite-Codec-Pack-Full-p3761', 34),
(499, 'http://soft.softodrom.ru/ap/CCleaner-p5628', 34),
(500, 'http://soft.softodrom.ru/Все+комментарии/', 34),
(501, 'http://soft.softodrom.ru/Комментарии/21934/', 34),
(502, 'http://soft.softodrom.ru/Комментарии/5628/', 34),
(503, 'http://soft.softodrom.ru/Комментарии/20713/', 34),
(504, 'http://soft.softodrom.ru/Комментарии/3683/', 34),
(505, 'http://soft.softodrom.ru/Комментарии/3683/', 34),
(506, 'http://soft.softodrom.ru/Комментарии/21264/', 34),
(507, 'http://soft.softodrom.ru/Комментарии/2132/', 34),
(508, 'http://soft.softodrom.ru/Комментарии/21264/', 34),
(509, 'http://soft.softodrom.ru/Комментарии/3761/', 34),
(510, 'http://soft.softodrom.ru/Комментарии/3761/', 34),
(511, 'http://soft.softodrom.ru/Новинки/', 34),
(512, 'http://soft.softodrom.ru/ap/Тренировка-дыхания-p24032', 34),
(513, 'http://soft.softodrom.ru/ap/ZIP-Repair-Toolbox-p20465', 34),
(514, 'http://soft.softodrom.ru/ap/PowerPoint-Repair-Toolbox-p20451', 34),
(515, 'http://soft.softodrom.ru/ap/Photoshop-Repair-Toolbox-p22406', 34),
(516, 'http://soft.softodrom.ru/ap/OneNote-Repair-Toolbox-p20385', 34),
(517, 'http://soft.softodrom.ru/ap/Navicat-Premium-p12501', 34),
(518, 'http://soft.softodrom.ru/ap/Exchange-Server-Repair-Toolbox-p22402', 34),
(519, 'http://soft.softodrom.ru/ap/DBF-Repair-Toolbox-p20522', 34),
(520, 'http://soft.softodrom.ru/ap/Вконтакте-ONLINE-p25592', 34),
(521, 'http://soft.softodrom.ru/ap/FLAC2CD-p12560', 34),
(522, 'http://soft.softodrom.ru/%D0%9D%D0%BE%D0%B2%D0%B8%D0%BD%D0%BA%D0%B8/?status=a&type=u', 34),
(523, 'http://games.softodrom.ru/Новинки/', 34),
(524, 'http://games.softodrom.ru/ap/123-Free-Solitaire-g92?stat=games_new', 34),
(525, 'http://games.softodrom.ru/ap/SolSuite-g3?stat=games_new', 34),
(526, 'http://games.softodrom.ru/ap/FlightGear-g195?stat=games_new', 34),
(527, 'http://games.softodrom.ru/ap/X-Plane-g189?stat=games_new', 34),
(528, 'http://games.softodrom.ru/ap/BVS-Solitaire-Collection-g27?stat=games_new', 34),
(529, 'http://games.softodrom.ru/ap/Pretty-Good-Solitaire-g90?stat=games_new', 34),
(530, 'http://games.softodrom.ru/ap/Alien-Arena-g227?stat=games_new', 34),
(531, 'http://games.softodrom.ru/ap/Games-for-Windows-Live-g226?stat=games_new', 34),
(532, 'http://games.softodrom.ru/ap/Runes-Of-Magic-g2?stat=games_new', 34),
(533, 'http://games.softodrom.ru/ap/Navy-Field-Возрождение-стального-флота-g207?stat=games_new', 34),
(534, 'http://games.softodrom.ru/Новинки/', 34),
(535, 'http://www.softodrom.ru/О+перепечатках/', 34),
(536, 'http://www.softodrom.ru/RSS+каналы/', 34),
(537, 'http://www.softodrom.ru/Рассылки/', 34),
(538, 'http://www.softodrom.ru/Пользовательское+соглашение/', 34),
(539, 'http://www.softodrom.ru/Политика+конфиденциальности/', 34),
(540, 'http://www.softodrom.ru/О+проекте/', 34),
(541, 'http://www.softodrom.ru/Карта+сайта/', 34),
(542, 'https://www.google.ru/webhp?tab=ww', 35),
(543, 'http://www.google.ru/imghp?hl=ru&tab=wi', 35),
(544, 'http://maps.google.ru/maps?hl=ru&tab=wl', 35),
(545, 'https://play.google.com/?hl=ru&tab=w8', 35),
(546, 'http://www.youtube.com/?gl=RU&tab=w1', 35),
(547, 'http://news.google.ru/nwshp?hl=ru&tab=wn', 35),
(548, 'https://mail.google.com/mail/?tab=wm', 35),
(549, 'https://drive.google.com/?tab=wo', 35),
(550, 'https://www.google.ru/intl/ru/options/', 35),
(551, 'https://www.google.com/calendar?tab=wc', 35),
(552, 'http://translate.google.ru/?hl=ru&tab=wT', 35),
(553, 'http://www.blogger.com/?tab=wj', 35),
(554, 'https://photos.google.com/?tab=wq', 35),
(555, 'http://video.google.ru/?hl=ru&tab=wv', 35),
(556, 'https://docs.google.com/document/?usp=docs_alc', 35),
(557, 'https://www.google.ru/intl/ru/options/', 35),
(558, 'https://accounts.google.com/ServiceLogin?hl=ru&passive=true&continue=http://www.google.ru/', 35),
(559, 'http://www.google.ru/preferences?hl=ru', 35),
(560, 'http://google.ru/preferences?hl=ru', 35),
(561, 'http://www.google.ru/history/optout?hl=ru', 35),
(562, 'http://google.ru/advanced_search?hl=ru&amp;authuser=0', 35),
(563, 'http://google.ru/language_tools?hl=ru&amp;authuser=0', 35),
(564, 'http://google.ru/intl/ru/ads/', 35),
(565, 'http://www.google.ru/intl/ru/services/', 35),
(566, 'https://plus.google.com/108954345031389568444', 35),
(567, 'http://google.ru/intl/ru/about.html', 35),
(568, 'http://www.google.ru/setprefdomain?prefdom=US&amp;sig=__zrLYATjkHszuioXR4fSF2Um4yG8%3D', 35),
(569, 'http://google.ru/intl/ru/policies/privacy/', 35),
(570, 'http://google.ru/intl/ru/policies/terms/', 35),
(571, 'https://r.mail.ru/n201584216?sz=39&amp;rnd=20505839', 32),
(572, 'https://r.mail.ru/n214942162?sz=39&amp;rnd=20505839', 32),
(573, 'https://r.mail.ru/n201584217?sz=39&amp;rnd=20505839', 32),
(574, 'https://r.mail.ru/n165062873?sz=39&amp;rnd=20505839', 32),
(575, 'https://r.mail.ru/n214942163?sz=39&amp;rnd=20505839', 32),
(576, 'https://r.mail.ru/n93284360?sz=39&amp;rnd=20505839', 32),
(577, 'https://r.mail.ru/n211521266?sz=39&amp;rnd=20505839', 32),
(578, 'https://r.mail.ru/n93284362?sz=39&amp;rnd=20505839', 32),
(579, 'https://r.mail.ru/n201584218?sz=39&amp;rnd=20505839', 32),
(580, 'https://r.mail.ru/cls1074201/auth.mail.ru/cgi-bin/logout?next=1&lang=ru_RU&Page=https%3A%2F%2Fmail.ru%2F%3Ffrom%3Dlogout%26ref%3Dmain', 32),
(581, 'https://r.mail.ru/cls718344/r.mail.ru/clb1126010/e.mail.ru/signup?from=navi&lang=ru_RU&siteid=169&amp;rnd=20505839', 32),
(582, 'https://r.mail.ru/cls951827/e.mail.ru/login?lang=ru_RU', 32),
(583, 'http://mail.ru//mail.ru', 32),
(584, 'https://e.mail.ru/login?from=main', 32),
(585, 'https://cloud.mail.ru/?utm_source=mainpage_promo&utm_medium=mainpage_promo&utm_campaign=иконки%20на%20главной/', 32),
(586, 'https://promo.calendar.mail.ru/', 32),
(587, 'https://e.mail.ru/messages/inbox/', 32),
(588, 'https://auth.mail.ru/cgi-bin/logout?next=1&Page=https%3A%2F%2Fmail.ru%2F%3Ffrom%3Dlogout%26ref%3Dmain', 32),
(589, 'https://e.mail.ru/messages/inbox/', 32),
(590, 'http://mail.ru//e.mail.ru/messages/inbox/', 32),
(591, 'https://e.mail.ru/compose/', 32),
(592, 'https://e.mail.ru/signup?from=main_mailpromo_reg', 32),
(593, 'https://e.mail.ru/password/restore/', 32),
(594, 'https://e.mail.ru/signup?from=main_noc', 32),
(595, 'https://e.mail.ru/signup?from=main_noc', 32),
(596, 'http://www.icq.com/ru', 32),
(597, 'http://my.mail.ru?from=splash', 32),
(598, 'http://my.mail.ru/?from=splash&browse=dialogues', 32),
(599, 'http://r.mail.ru/n117141368', 32),
(600, 'http://ok.ru/?_erv=vszatwybdjnmnedtcwq', 32),
(601, 'http://www.ok.ru/gifts?st.cmd=giftsFront&amp;st.or=USER_MENU&amp;st._aid=LBAID_UCM_Promo&amp;st.bId=11069923', 32),
(602, 'http://ok.ru/messages', 32),
(603, 'http://ok.ru/notifications', 32),
(604, 'http://ok.ru/marks', 32),
(605, 'http://r.mail.ru/cln10342/ok.ru/?_erv=vyiettrfgrpgnedkwz', 32),
(606, 'http://r.mail.ru/cln10343/ok.ru/dk?st.cmd=anonymMain&amp;st.registration=on&amp;_erv=vwdduzstwemgoeduc', 32),
(607, 'http://agent.mail.ru/web', 32),
(608, 'http://agent.mail.ru/web', 32),
(609, 'https://cloud.mail.ru/?utm_source=mainpage&amp;utm_medium=banner&amp;utm_campaign=MainpageLeftColumn', 32),
(610, 'https://cloud.mail.ru/?utm_source=mainpage&amp;utm_medium=banner&amp;utm_campaign=MainpageLeftColumn', 32),
(611, 'http://torg.mail.ru/?utm_source=main_link&amp;utm_medium=rb&amp;utm_campaign=title', 32),
(612, 'http://torg.mail.ru/tyres/?_1ld=2058055_0&_1lp=1}', 32),
(613, 'https://r.mail.ru/n185206516?&amp;rnd=3699006', 32),
(614, 'https://r.mail.ru/n185206517?&amp;rnd=3699006', 32),
(615, 'https://r.mail.ru/n185206518?&amp;rnd=3699006', 32),
(616, 'http://r.mail.ru/clb657253/go.mail.ru/search?fm=1&amp;q=', 32),
(617, 'http://r.mail.ru/clb657254/go.mail.ru/search_images?fr=mailru&amp;fm=1&amp;q=', 32),
(618, 'http://r.mail.ru/clb657255/go.mail.ru/search_video?fr=mailru&amp;fm=1&amp;q=', 32),
(619, 'http://r.mail.ru/clb20714157/go.mail.ru/search_apps?fr=mailru&amp;fm=1&amp;q=', 32),
(620, 'http://r.mail.ru/clb657259/go.mail.ru/otvet?fr=mailru&amp;fm=1&amp;q=', 32),
(621, 'http://mail.ru<%=', 32),
(622, 'https://r.mail.ru/n203184763?sz=0&amp;rnd=401200646', 32),
(623, 'https://news.mail.ru/', 32),
(624, 'http://news.mail.ru/inregions/st_petersburg/91/', 32),
(625, 'https://sport.mail.ru/', 32),
(626, 'https://auto.mail.ru/', 32),
(627, 'https://afisha.mail.ru/', 32),
(628, 'https://lady.mail.ru/', 32),
(629, 'http://games.mail.ru/pc/', 32),
(630, 'https://hi-tech.mail.ru/', 32),
(631, 'http://mail.ruonclick=', 32),
(632, 'https://news.mail.ru/incident/26376453/?frommail=1', 32),
(633, 'https://news.mail.ru/incident/26376453/?frommail=1', 32),
(634, 'https://news.mail.ru/incident/26376453/?frommail=1', 32),
(635, 'https://sport.mail.ru/news/football-euro/26371923/?frommail=1', 32),
(636, 'https://news.mail.ru/politics/26372380/?frommail=1', 32),
(637, 'https://news.mail.ru/politics/26374463/?frommail=1', 32),
(638, 'https://sport.mail.ru/news/football-euro/26375677/?frommail=1', 32),
(639, 'https://news.mail.ru/economics/26376265/?frommail=1', 32),
(640, 'https://auto.mail.ru/article/61341-mvd_opredelilos_s_razmerom_shtrafa_za_opasnoe_vozhdenie/?frommail=10&fromnews=1', 32),
(641, 'https://news.mail.ru/incident/26375282/?frommail=10', 32),
(642, 'https://news.mail.ru/society/26376257/?frommail=10', 32),
(643, 'https://news.mail.ru/society/26374626/?frommail=10', 32),
(644, 'https://sport.mail.ru/news/football-national/26373778/?frommail=1', 32),
(645, 'https://auto.mail.ru/', 32),
(646, 'https://auto.mail.ru/article/61342-verhovnyi_sud_nekotorye_voditeli_obyazany_ezdit_s_medspravkoi/', 32),
(647, 'https://afisha.mail.ru/', 32),
(648, 'https://afisha.mail.ru/cinema/news/47458/?from=mr_news', 32),
(649, 'http://mail.ru+y[0]+', 32),
(650, 'https://pogoda.mail.ru/', 32),
(651, 'https://pogoda.mail.ru/prognoz/sankt_peterburg/', 32),
(652, 'https://news.mail.ru/currency.html', 32),
(653, 'https://news.mail.ru/currency.html?charcode=USD', 32),
(654, 'https://news.mail.ru/currency.html?charcode=EUR', 32),
(655, 'https://horo.mail.ru/', 32),
(656, 'https://horo.mail.ru/prediction/gemini/today/', 32),
(657, 'https://horo.mail.ru/prediction/gemini/today/', 32),
(658, 'https://tv.mail.ru/', 32),
(659, 'https://news.mail.ru/currency.html?type=lme&amp;code=OIL2', 32),
(660, 'https://sport.mail.ru/football2016/?frommail=1', 32),
(661, 'http://mail.ru//games.mail.ru/?from=main_nano', 32),
(662, 'http://1l-go.mail.ru/r/adid/2130911_1/pid/100022/pof/1/f/3/', 32),
(663, 'http://1l-go.mail.ru/r/adid/2130912_1/pid/100264/pof/1/f/1/', 32),
(664, 'http://1l-go.mail.ru/r/adid/2130913_1/pid/100155/pof/1/f/1/', 32),
(665, 'http://1l-go.mail.ru/r/adid/191321_1553/pid/100170/pof/1/f/1/', 32),
(666, 'http://1l-go.mail.ru/r/adid/2130914_1/pid/100017/pof/1/f/3/', 32),
(667, 'http://1l-go.mail.ru/r/adid/191321_845/pid/100170/pof/1/f/1/', 32),
(668, 'http://games.mail.ru/play/client/best/?from=mainclient_nano', 32),
(669, 'http://minigames.mail.ru', 32),
(670, 'http://games.mail.ru/play/browser/best/?from=mainbrowser_nano', 32),
(671, 'http://games.mail.ru/', 32),
(672, 'http://mail.ru//mail.ru/', 32),
(673, 'http://mail.ru//corp.mail.ru/', 32),
(674, 'http://mail.ru//corp.mail.ru/adv/', 32),
(675, 'http://mail.ru//corp.mail.ru/ru/jobs/vacancy/', 32),
(676, 'http://r.mail.ru/n197081892', 32),
(677, 'http://team.mail.ru', 32),
(678, 'https://help.mail.ru/main-support', 32),
(679, 'https://help.mail.ru/mail-help', 32),
(680, 'http://my.mail.ru/mail/finansist_76/photo/739/752.html?bestfotos=1', 32),
(681, 'http://my.mail.ru/mail/wallpaper.man/photo/beautiful_wallpaper_15/65691.html?bestfotos=1', 32),
(682, 'http://my.mail.ru/mail/fialka49/photo/2734/48425.html?bestfotos=1', 32),
(683, 'http://my.mail.ru/mail/seva7z/photo/3520/5358.html?bestfotos=1', 32),
(684, 'http://my.mail.ru/mail/finansist_76/photo/739/752.html?bestfotos=1', 32),
(685, 'http://my.mail.ru/mail/wallpaper.man/photo/beautiful_wallpaper_15/65691.html?bestfotos=1', 32),
(686, 'http://my.mail.ru/mail/fialka49/photo/2734/48425.html?bestfotos=1', 32),
(687, 'http://my.mail.ru/mail/seva7z/photo/3520/5358.html?bestfotos=1', 32),
(688, 'https://news.mail.ru/society/26368068/?frommail=1', 32),
(689, 'https://news.mail.ru/society/26368068/?frommail=1', 32),
(690, 'https://news.mail.ru/society/26368068/?frommail=1', 32),
(691, 'https://news.mail.ru/incident/26361562/?frommail=1', 32),
(692, 'https://news.mail.ru/economics/26365502/?frommail=1', 32),
(693, 'https://news.mail.ru/incident/26369619/?frommail=1', 32),
(694, 'https://news.mail.ru/incident/26371314/?frommail=1', 32),
(695, 'https://news.mail.ru/society/26367580/?frommail=1', 32),
(696, 'https://news.mail.ru/society/26367579/?frommail=1', 32),
(697, 'https://news.mail.ru/incident/26369617/?frommail=1', 32),
(698, 'https://news.mail.ru/incident/26353360/?frommail=1', 32),
(699, 'https://news.mail.ru/incident/26366914/?frommail=1', 32),
(700, 'https://sport.mail.ru/', 32),
(701, 'https://sport.mail.ru/news/football-foreign/26360786/?frommail=1', 32),
(702, 'https://auto.mail.ru/', 32),
(703, 'https://auto.mail.ru/article/61332-probeg_budushchih_fsbshnikov_na_gelendevagenah_reakciya_socsetei/', 32),
(704, 'https://realty.mail.ru/', 32),
(705, 'https://realty.mail.ru/news/34057/v_pekine_pojavitsja_bashnja_prevrashhajushhaja_smog_v_ukrashenija/?utm_source=mail.ru&utm_medium=banner_1548_3098094&utm_campaign=realty.news_spb', 32),
(706, 'https://sport.mail.ru/news/football-euro/26374069/?frommail=1', 32),
(707, 'https://sport.mail.ru/news/football-euro/26374069/?frommail=1', 32),
(708, 'https://sport.mail.ru/news/football-euro/26376552/?frommail=1', 32),
(709, 'https://sport.mail.ru/news/football-national/26373778/?frommail=1', 32),
(710, 'https://sport.mail.ru/news/football-rus-premier/26373923/?frommail=1', 32),
(711, 'https://sport.mail.ru/news/football-foreign/26373666/?frommail=1', 32),
(712, 'https://sport.mail.ru/news/football/26373796/?frommail=1', 32),
(713, 'https://sport.mail.ru/news/football-national/26376120/?frommail=1', 32),
(714, 'https://sport.mail.ru/news/football-euro/26373798/?frommail=1', 32),
(715, 'https://sport.mail.ru/news/football-foreign/26376841/?frommail=1', 32),
(716, 'https://sport.mail.ru/news/football-rus-premier/26372006/?frommail=1', 32),
(717, 'https://sport.mail.ru/news/football-euro/26374068/?frommail=1', 32),
(718, 'https://sport.mail.ru/news/football-euro/26375634/?frommail=1', 32),
(719, 'https://sport.mail.ru/news/football-foreign/26374378/?frommail=1', 32),
(720, 'https://auto.mail.ru/article/61333-remont_dorog_v_rossii_5_hudshih_primerov/', 32),
(721, 'https://auto.mail.ru/article/61333-remont_dorog_v_rossii_5_hudshih_primerov/', 32),
(722, 'https://auto.mail.ru/article/61346-amerikanec_ugnal_avtomobil_za_12_minut_pri_pomoshchi_noutbuka_video/', 32),
(723, 'https://auto.mail.ru/article/61344-anglo-avstriiskii_giperkar_stanet_korolem_skorosti/', 32),
(724, 'https://auto.mail.ru/article/61343-sobyanin_uvolil_glavnogo_evakuatorshchika_moskvy/', 32),
(725, 'https://auto.mail.ru/article/61342-verhovnyi_sud_nekotorye_voditeli_obyazany_ezdit_s_medspravkoi/', 32),
(726, 'https://auto.mail.ru/article/61153-eksperiment_skolko_topliva_szhigayut_lyubiteli_rezkih_startov/', 32),
(727, 'https://auto.mail.ru/article/61338-stali_izvestny_rossiiskie_ceny_na_obnovlennyi_nissan_gt-r/', 32),
(728, 'https://auto.mail.ru/article/61336-psa_na_doroge_rashod_topliva_na_50_bolshe_chem_pri_ispytaniyah/', 32),
(729, 'https://auto.mail.ru/article/61337-v_helsinki_zapretyat_lichnye_avtomobili/', 32),
(730, 'https://auto.mail.ru/article/61335-nazvany_regiony_rossii_s_samymi_starymi_avtomobilyami/', 32),
(731, 'https://auto.mail.ru/article/61331-prodazhi_avtomobilei_v_rossii_est_predvaritelnye_rezultaty/', 32),
(732, 'https://auto.mail.ru/article/61330-semka_s_telefona_stanet_dokazatelstvom_narusheniya_pdd/', 32);
INSERT INTO `links` (`id`, `link`, `ext_id`) VALUES
(733, 'https://auto.mail.ru/article/61329-rossiiskii_vnedorozhnik_v_kitae_nachalsya_polnomasshtabnyi_vypusk/', 32),
(734, 'https://afisha.mail.ru/cinema/news/47459/?from=mr_news', 32),
(735, 'https://afisha.mail.ru/cinema/news/47459/?from=mr_news', 32),
(736, 'https://afisha.mail.ru/cinema/news/47458/?from=mr_news', 32),
(737, 'https://afisha.mail.ru/series/news/47457/?from=mr_news', 32),
(738, 'https://afisha.mail.ru/cinema/articles/47409/?from=mr_news', 32),
(739, 'https://afisha.mail.ru/series/articles/47456/?from=mr_news', 32),
(740, 'https://afisha.mail.ru/cinema/news/47455/?from=mr_news', 32),
(741, 'https://afisha.mail.ru/cinema/news/47453/?from=mr_news', 32),
(742, 'https://afisha.mail.ru/stars/selection/501_ne_rodis_krasivoi_uspeshnie_aktrisi_s_nestandartnoi_vneshnostyu/?from=mr_news', 32),
(743, 'https://afisha.mail.ru/cinema/news/47452/?from=mr_news', 32),
(744, 'https://afisha.mail.ru/series/news/47451/?from=mr_news', 32),
(745, 'https://afisha.mail.ru/cinema/news/47450/?from=mr_news', 32),
(746, 'https://afisha.mail.ru/cinema/news/47448/?from=mr_news', 32),
(747, 'https://afisha.mail.ru/tvshow/news/47449/?from=mr_news', 32),
(748, 'https://lady.mail.ru/article/491201-plastika-ili-estestvennost-sravnivaem-kak-starejut-zvezdnye-rovesniki/', 32),
(749, 'https://lady.mail.ru/article/491201-plastika-ili-estestvennost-sravnivaem-kak-starejut-zvezdnye-rovesniki/', 32),
(750, 'https://lady.mail.ru/article/491218-anastasija-volochkova-ustroila-pljazhnuju-fotosessiju/', 32),
(751, 'https://lady.mail.ru/article/491210-rossijskie-brendy-kosmetiki-o-kotoryh-pora-uznat-vsem/', 32),
(752, 'https://lady.mail.ru/article/491193-49-letnjaja-holli-berri-pokazala-foto-v-kupalnike/', 32),
(753, 'https://lady.mail.ru/article/491225-paulina-andreeva-poznakomila-fedora-bondarchuka-s-semej/', 32),
(754, 'https://lady.mail.ru/article/491228-zvezda-klipa-leningrada-pro-labuteny-vyshla-zamuzh/', 32),
(755, 'https://lady.mail.ru/article/491234-marija-ivakova-rasskazala-o-plastike-i-zhelanii-byt-doma/', 32),
(756, 'https://lady.mail.ru/article/491191-15-letnjaja-dochka-strizhenovyh-stala-modelju/', 32),
(757, 'https://lady.mail.ru/article/491192-borodina-otmetila-godovshhinu-svadby-s-podrugami-no-bez-muzha/', 32),
(758, 'https://deti.mail.ru/', 32),
(759, 'https://deti.mail.ru/news/u-sergeya-bezrugova-rodilas-doch/', 32),
(760, 'https://deti.mail.ru/', 32),
(761, 'https://deti.mail.ru/news/tatyana-navka-veselo-provodit-s-docheryu-leto-foto/', 32),
(762, 'https://health.mail.ru/', 32),
(763, 'https://health.mail.ru/news/neobychnye_sposoby_est_menshe/?utm_campaign=5331594&utm_medium=banner&utm_content=22165434&utm_source=mail.ru', 32),
(764, 'https://health.mail.ru/', 32),
(765, 'https://health.mail.ru/news/spetsialist_rasskazal_pochemu_ne_rabotayut/?utm_campaign=341529&utm_medium=banner&utm_content=22155403&utm_source=mail.ru', 32),
(766, 'https://games.mail.ru/pc/articles/review/tokyo_mirage_sessions_fe/?from=informer', 32),
(767, 'https://games.mail.ru/pc/articles/review/tokyo_mirage_sessions_fe/?from=informer', 32),
(768, 'https://games.mail.ru/pc/news/r/bezumnye_gonki_v_gta_online_i_drugie_novosti_dnja/?from=informer', 32),
(769, 'https://games.mail.ru/pc/news/r/ekranizacija_tomb_raider_vyjdet_v_2018_godu/?from=informer', 32),
(770, 'https://games.mail.ru/pc/articles/feat/tualetnye_monstry/?from=informer', 32),
(771, 'https://games.mail.ru/pc/articles/review/blade_and_soul_russian_review/?from=informer', 32),
(772, 'https://games.mail.ru/pc/news/r/rossijanam_predlozhili_sokratit_gosbjudzhet_v_igre/?from=informer', 32),
(773, 'https://games.mail.ru/pc/news/r/microsoft_peredumala_po_povodu_ekskljuzivov/?from=informer', 32),
(774, 'https://games.mail.ru/pc/news/r/itogi_letnej_rasprodazhi_v_steam_i_drugie_novosti_dnja/?from=informer', 32),
(775, 'https://games.mail.ru/pc/news/r/vedmak_3_poluchit_polnoe_izdanie/?from=informer', 32),
(776, 'https://games.mail.ru/pc/articles/review/umbrella_corps/?from=informer', 32),
(777, 'https://games.mail.ru/pc/articles/feat/best_overwatch_female_cosplay_of_male_characters/?from=informer', 32),
(778, 'https://games.mail.ru/pc/news/r/prodazhi_red_dead_redemption_vzleteli_na_6000/?from=informer', 32),
(779, 'https://games.mail.ru/pc/articles/review/lego_star_wars_the_force_awakens/?from=informer', 32),
(780, 'https://hi-tech.mail.ru/news/highscreeen-power-five-evo/?frommail=1', 32),
(781, 'https://hi-tech.mail.ru/news/highscreeen-power-five-evo/?frommail=1', 32),
(782, 'https://hi-tech.mail.ru/news/htc-10-lifestyle-price/?frommail=1', 32),
(783, 'https://hi-tech.mail.ru/news/new-nokia-p1/?frommail=1', 32),
(784, 'https://hi-tech.mail.ru/review/bigdata/?frommail=1', 32),
(785, 'https://hi-tech.mail.ru/news/putin-zakon-yarovoy/?frommail=1', 32),
(786, 'https://hi-tech.mail.ru/review/dyson-test/?frommail=1', 32),
(787, 'https://hi-tech.mail.ru/news/Speereo-data-compression/?frommail=1', 32),
(788, 'https://hi-tech.mail.ru/news/samsung-two-display-smartphone-patent/?frommail=1', 32),
(789, 'https://hi-tech.mail.ru/news/iphone-7-3d-scanning/?frommail=1', 32),
(790, 'https://hi-tech.mail.ru/review/360cam_review/?frommail=1', 32),
(791, 'https://hi-tech.mail.ru/news/HummingBad/?frommail=1', 32),
(792, 'https://hi-tech.mail.ru/news/ok-google/?frommail=1', 32),
(793, 'https://hi-tech.mail.ru/news/ase7ens/?frommail=1', 32),
(794, 'https://e.mail.ru/messages/inbox/', 32),
(795, 'https://e.mail.ru/login?from=multi', 32),
(796, 'https://r.mail.ru/clb1214203/help.mail.ru/mail-help/auth/multiauth', 32),
(797, 'https://r.mail.ru/n201584216?sz=39&amp;rnd=144378149', 32),
(798, 'https://r.mail.ru/n214942162?sz=39&amp;rnd=144378149', 32),
(799, 'https://r.mail.ru/n201584217?sz=39&amp;rnd=144378149', 32),
(800, 'https://r.mail.ru/n165062873?sz=39&amp;rnd=144378149', 32),
(801, 'https://r.mail.ru/n214942163?sz=39&amp;rnd=144378149', 32),
(802, 'https://r.mail.ru/n93284360?sz=39&amp;rnd=144378149', 32),
(803, 'https://r.mail.ru/n211521266?sz=39&amp;rnd=144378149', 32),
(804, 'https://r.mail.ru/n93284362?sz=39&amp;rnd=144378149', 32),
(805, 'https://r.mail.ru/n201584218?sz=39&amp;rnd=144378149', 32),
(806, 'https://r.mail.ru/cls1074201/auth.mail.ru/cgi-bin/logout?next=1&lang=ru_RU&Page=https%3A%2F%2Fmail.ru%2F%3Ffrom%3Dlogout%26ref%3Dmain', 32),
(807, 'https://r.mail.ru/cls718344/r.mail.ru/clb1126010/e.mail.ru/signup?from=navi&lang=ru_RU&siteid=169&amp;rnd=144378149', 32),
(808, 'https://r.mail.ru/cls951827/e.mail.ru/login?lang=ru_RU', 32),
(809, 'http://mail.ru//mail.ru', 32),
(810, 'https://e.mail.ru/login?from=main', 32),
(811, 'https://cloud.mail.ru/?utm_source=mainpage_promo&utm_medium=mainpage_promo&utm_campaign=иконки%20на%20главной/', 32),
(812, 'https://promo.calendar.mail.ru/', 32),
(813, 'https://e.mail.ru/messages/inbox/', 32),
(814, 'https://auth.mail.ru/cgi-bin/logout?next=1&Page=https%3A%2F%2Fmail.ru%2F%3Ffrom%3Dlogout%26ref%3Dmain', 32),
(815, 'https://e.mail.ru/messages/inbox/', 32),
(816, 'http://mail.ru//e.mail.ru/messages/inbox/', 32),
(817, 'https://e.mail.ru/compose/', 32),
(818, 'https://e.mail.ru/signup?from=main_mailpromo_reg', 32),
(819, 'https://e.mail.ru/password/restore/', 32),
(820, 'https://e.mail.ru/signup?from=main_noc', 32),
(821, 'https://e.mail.ru/signup?from=main_noc', 32),
(822, 'http://www.icq.com/ru', 32),
(823, 'http://my.mail.ru?from=splash', 32),
(824, 'http://my.mail.ru/?from=splash&browse=dialogues', 32),
(825, 'http://r.mail.ru/n117141368', 32),
(826, 'http://ok.ru/?_erv=vszatwybdjnmnedtcwq', 32),
(827, 'http://www.ok.ru/gifts?st.cmd=giftsFront&amp;st.or=USER_MENU&amp;st._aid=LBAID_UCM_Promo&amp;st.bId=11069923', 32),
(828, 'http://ok.ru/messages', 32),
(829, 'http://ok.ru/notifications', 32),
(830, 'http://ok.ru/marks', 32),
(831, 'http://r.mail.ru/cln10342/ok.ru/?_erv=vyiettrfgrpgnedkwz', 32),
(832, 'http://r.mail.ru/cln10343/ok.ru/dk?st.cmd=anonymMain&amp;st.registration=on&amp;_erv=vwdduzstwemgoeduc', 32),
(833, 'http://agent.mail.ru/web', 32),
(834, 'http://agent.mail.ru/web', 32),
(835, 'https://cloud.mail.ru/?utm_source=mainpage&amp;utm_medium=banner&amp;utm_campaign=MainpageLeftColumn', 32),
(836, 'https://cloud.mail.ru/?utm_source=mainpage&amp;utm_medium=banner&amp;utm_campaign=MainpageLeftColumn', 32),
(837, 'http://torg.mail.ru/?utm_source=main_link&amp;utm_medium=rb&amp;utm_campaign=title', 32),
(838, 'http://torg.mail.ru/notebooks/?_1ld=2058055_0&_1lp=1}', 32),
(839, 'https://r.mail.ru/n185208943?&amp;rnd=106438936', 32),
(840, 'https://r.mail.ru/n185208944?&amp;rnd=106438936', 32),
(841, 'https://r.mail.ru/n185208945?&amp;rnd=106438936', 32),
(842, 'http://r.mail.ru/clb657253/go.mail.ru/search?fm=1&amp;q=', 32),
(843, 'http://r.mail.ru/clb657254/go.mail.ru/search_images?fr=mailru&amp;fm=1&amp;q=', 32),
(844, 'http://r.mail.ru/clb657255/go.mail.ru/search_video?fr=mailru&amp;fm=1&amp;q=', 32),
(845, 'http://r.mail.ru/clb20714157/go.mail.ru/search_apps?fr=mailru&amp;fm=1&amp;q=', 32),
(846, 'http://r.mail.ru/clb657259/go.mail.ru/otvet?fr=mailru&amp;fm=1&amp;q=', 32),
(847, 'http://mail.ru<%=', 32),
(848, 'https://r.mail.ru/n203184763?sz=0&amp;rnd=149522015', 32),
(849, 'https://news.mail.ru/', 32),
(850, 'http://news.mail.ru/inregions/st_petersburg/91/', 32),
(851, 'https://sport.mail.ru/', 32),
(852, 'https://auto.mail.ru/', 32),
(853, 'https://afisha.mail.ru/', 32),
(854, 'https://lady.mail.ru/', 32),
(855, 'http://games.mail.ru/pc/', 32),
(856, 'https://hi-tech.mail.ru/', 32),
(857, 'http://mail.ruonclick=', 32),
(858, 'https://news.mail.ru/incident/26376453/?frommail=1', 32),
(859, 'https://news.mail.ru/incident/26376453/?frommail=1', 32),
(860, 'https://news.mail.ru/incident/26376453/?frommail=1', 32),
(861, 'https://sport.mail.ru/news/football-euro/26371923/?frommail=1', 32),
(862, 'https://news.mail.ru/politics/26372380/?frommail=1', 32),
(863, 'https://news.mail.ru/politics/26374463/?frommail=1', 32),
(864, 'https://sport.mail.ru/news/football-euro/26375677/?frommail=1', 32),
(865, 'https://news.mail.ru/economics/26376265/?frommail=1', 32),
(866, 'https://auto.mail.ru/article/61341-mvd_opredelilos_s_razmerom_shtrafa_za_opasnoe_vozhdenie/?frommail=10&fromnews=1', 32),
(867, 'https://news.mail.ru/incident/26375282/?frommail=10', 32),
(868, 'https://news.mail.ru/society/26376257/?frommail=10', 32),
(869, 'https://news.mail.ru/economics/26376724/?frommail=10', 32),
(870, 'https://sport.mail.ru/news/football-national/26373778/?frommail=1', 32),
(871, 'https://auto.mail.ru/', 32),
(872, 'https://auto.mail.ru/article/61342-verhovnyi_sud_nekotorye_voditeli_obyazany_ezdit_s_medspravkoi/', 32),
(873, 'https://afisha.mail.ru/', 32),
(874, 'https://afisha.mail.ru/cinema/news/47459/?from=mr_news', 32),
(875, 'http://mail.ru+y[0]+', 32),
(876, 'https://pogoda.mail.ru/', 32),
(877, 'https://pogoda.mail.ru/prognoz/sankt_peterburg/', 32),
(878, 'https://news.mail.ru/currency.html', 32),
(879, 'https://news.mail.ru/currency.html?charcode=USD', 32),
(880, 'https://news.mail.ru/currency.html?charcode=EUR', 32),
(881, 'https://horo.mail.ru/', 32),
(882, 'https://horo.mail.ru/prediction/pisces/today/', 32),
(883, 'https://horo.mail.ru/prediction/pisces/today/', 32),
(884, 'https://tv.mail.ru/', 32),
(885, 'https://news.mail.ru/currency.html?type=lme&amp;code=OIL2', 32),
(886, 'https://sport.mail.ru/football2016/?frommail=1', 32),
(887, 'http://mail.ru//games.mail.ru/?from=main_nano', 32),
(888, 'http://1l-go.mail.ru/r/adid/2126916_1/pid/101386/pof/1/f/1/', 32),
(889, 'http://1l-go.mail.ru/r/adid/2126917_1/pid/100243/pof/1/f/1/', 32),
(890, 'http://1l-go.mail.ru/r/adid/2126918_1/pid/112/pof/1/f/3/', 32),
(891, 'http://1l-go.mail.ru/r/adid/191321_1553/pid/100170/pof/1/f/1/', 32),
(892, 'http://1l-go.mail.ru/r/adid/191321_2006087/pid/100170/pof/1/f/1/', 32),
(893, 'http://1l-go.mail.ru/r/adid/2126919_1/pid/52/pof/1/f/3/', 32),
(894, 'http://games.mail.ru/play/client/best/?from=mainclient_nano', 32),
(895, 'http://minigames.mail.ru', 32),
(896, 'http://games.mail.ru/play/browser/best/?from=mainbrowser_nano', 32),
(897, 'http://games.mail.ru/', 32),
(898, 'http://mail.ru//mail.ru/', 32),
(899, 'http://mail.ru//corp.mail.ru/', 32),
(900, 'http://mail.ru//corp.mail.ru/adv/', 32),
(901, 'http://mail.ru//corp.mail.ru/ru/jobs/vacancy/', 32),
(902, 'http://r.mail.ru/n197081892', 32),
(903, 'http://team.mail.ru', 32),
(904, 'https://help.mail.ru/main-support', 32),
(905, 'https://help.mail.ru/mail-help', 32),
(906, 'http://my.mail.ru/mail/finansist_76/photo/739/752.html?bestfotos=1', 32),
(907, 'http://my.mail.ru/mail/wallpaper.man/photo/beautiful_wallpaper_15/65691.html?bestfotos=1', 32),
(908, 'http://my.mail.ru/mail/fialka49/photo/2734/48425.html?bestfotos=1', 32),
(909, 'http://my.mail.ru/mail/seva7z/photo/3520/5358.html?bestfotos=1', 32),
(910, 'http://my.mail.ru/mail/finansist_76/photo/739/752.html?bestfotos=1', 32),
(911, 'http://my.mail.ru/mail/wallpaper.man/photo/beautiful_wallpaper_15/65691.html?bestfotos=1', 32),
(912, 'http://my.mail.ru/mail/fialka49/photo/2734/48425.html?bestfotos=1', 32),
(913, 'http://my.mail.ru/mail/seva7z/photo/3520/5358.html?bestfotos=1', 32),
(914, 'https://news.mail.ru/society/26368068/?frommail=1', 32),
(915, 'https://news.mail.ru/society/26368068/?frommail=1', 32),
(916, 'https://news.mail.ru/society/26368068/?frommail=1', 32),
(917, 'https://news.mail.ru/incident/26361562/?frommail=1', 32),
(918, 'https://news.mail.ru/economics/26365502/?frommail=1', 32),
(919, 'https://news.mail.ru/incident/26369619/?frommail=1', 32),
(920, 'https://news.mail.ru/incident/26371314/?frommail=1', 32),
(921, 'https://news.mail.ru/society/26367580/?frommail=1', 32),
(922, 'https://news.mail.ru/society/26367579/?frommail=1', 32),
(923, 'https://news.mail.ru/incident/26369617/?frommail=1', 32),
(924, 'https://news.mail.ru/incident/26353360/?frommail=1', 32),
(925, 'https://news.mail.ru/incident/26366914/?frommail=1', 32),
(926, 'https://sport.mail.ru/', 32),
(927, 'https://sport.mail.ru/news/football-foreign/26360786/?frommail=1', 32),
(928, 'https://auto.mail.ru/', 32),
(929, 'https://auto.mail.ru/article/61296-samaya_populyarnaya_inomarka_v_rossii_podorozhala/', 32),
(930, 'https://realty.mail.ru/', 32),
(931, 'https://realty.mail.ru/articles/34066/tehnologija_pokraski_sten_cherez_trafaret/?utm_source=mail.ru&utm_medium=banner_1548_3098094&utm_campaign=realty.news_spb', 32),
(932, 'https://sport.mail.ru/news/football-euro/26374069/?frommail=1', 32),
(933, 'https://sport.mail.ru/news/football-euro/26374069/?frommail=1', 32),
(934, 'https://sport.mail.ru/news/football-euro/26376552/?frommail=1', 32),
(935, 'https://sport.mail.ru/news/football-national/26373778/?frommail=1', 32),
(936, 'https://sport.mail.ru/news/football-rus-premier/26373923/?frommail=1', 32),
(937, 'https://sport.mail.ru/news/football-foreign/26373666/?frommail=1', 32),
(938, 'https://sport.mail.ru/news/football/26373796/?frommail=1', 32),
(939, 'https://sport.mail.ru/news/football-national/26376120/?frommail=1', 32),
(940, 'https://sport.mail.ru/news/football-euro/26373798/?frommail=1', 32),
(941, 'https://sport.mail.ru/news/football-foreign/26376841/?frommail=1', 32),
(942, 'https://sport.mail.ru/news/football-rus-premier/26372006/?frommail=1', 32),
(943, 'https://sport.mail.ru/news/football-euro/26374068/?frommail=1', 32),
(944, 'https://sport.mail.ru/news/football-euro/26375634/?frommail=1', 32),
(945, 'https://sport.mail.ru/news/football-foreign/26374378/?frommail=1', 32),
(946, 'https://auto.mail.ru/article/61333-remont_dorog_v_rossii_5_hudshih_primerov/', 32),
(947, 'https://auto.mail.ru/article/61333-remont_dorog_v_rossii_5_hudshih_primerov/', 32),
(948, 'https://auto.mail.ru/article/61346-amerikanec_ugnal_avtomobil_za_12_minut_pri_pomoshchi_noutbuka_video/', 32),
(949, 'https://auto.mail.ru/article/61344-anglo-avstriiskii_giperkar_stanet_korolem_skorosti/', 32),
(950, 'https://auto.mail.ru/article/61343-sobyanin_uvolil_glavnogo_evakuatorshchika_moskvy/', 32),
(951, 'https://auto.mail.ru/article/61342-verhovnyi_sud_nekotorye_voditeli_obyazany_ezdit_s_medspravkoi/', 32),
(952, 'https://auto.mail.ru/article/61153-eksperiment_skolko_topliva_szhigayut_lyubiteli_rezkih_startov/', 32),
(953, 'https://auto.mail.ru/article/61338-stali_izvestny_rossiiskie_ceny_na_obnovlennyi_nissan_gt-r/', 32),
(954, 'https://auto.mail.ru/article/61336-psa_na_doroge_rashod_topliva_na_50_bolshe_chem_pri_ispytaniyah/', 32),
(955, 'https://auto.mail.ru/article/61337-v_helsinki_zapretyat_lichnye_avtomobili/', 32),
(956, 'https://auto.mail.ru/article/61335-nazvany_regiony_rossii_s_samymi_starymi_avtomobilyami/', 32),
(957, 'https://auto.mail.ru/article/61331-prodazhi_avtomobilei_v_rossii_est_predvaritelnye_rezultaty/', 32),
(958, 'https://auto.mail.ru/article/61330-semka_s_telefona_stanet_dokazatelstvom_narusheniya_pdd/', 32),
(959, 'https://auto.mail.ru/article/61329-rossiiskii_vnedorozhnik_v_kitae_nachalsya_polnomasshtabnyi_vypusk/', 32),
(960, 'https://afisha.mail.ru/cinema/news/47459/?from=mr_news', 32),
(961, 'https://afisha.mail.ru/cinema/news/47459/?from=mr_news', 32),
(962, 'https://afisha.mail.ru/cinema/news/47458/?from=mr_news', 32),
(963, 'https://afisha.mail.ru/series/news/47457/?from=mr_news', 32),
(964, 'https://afisha.mail.ru/cinema/articles/47409/?from=mr_news', 32),
(965, 'https://afisha.mail.ru/series/articles/47456/?from=mr_news', 32),
(966, 'https://afisha.mail.ru/cinema/news/47455/?from=mr_news', 32),
(967, 'https://afisha.mail.ru/cinema/news/47453/?from=mr_news', 32),
(968, 'https://afisha.mail.ru/stars/selection/501_ne_rodis_krasivoi_uspeshnie_aktrisi_s_nestandartnoi_vneshnostyu/?from=mr_news', 32),
(969, 'https://afisha.mail.ru/cinema/news/47452/?from=mr_news', 32),
(970, 'https://afisha.mail.ru/series/news/47451/?from=mr_news', 32),
(971, 'https://afisha.mail.ru/cinema/news/47450/?from=mr_news', 32),
(972, 'https://afisha.mail.ru/cinema/news/47448/?from=mr_news', 32),
(973, 'https://afisha.mail.ru/tvshow/news/47449/?from=mr_news', 32),
(974, 'https://lady.mail.ru/article/491201-plastika-ili-estestvennost-sravnivaem-kak-starejut-zvezdnye-rovesniki/', 32),
(975, 'https://lady.mail.ru/article/491201-plastika-ili-estestvennost-sravnivaem-kak-starejut-zvezdnye-rovesniki/', 32),
(976, 'https://lady.mail.ru/article/491210-rossijskie-brendy-kosmetiki-o-kotoryh-pora-uznat-vsem/', 32),
(977, 'https://lady.mail.ru/article/491227-janebojusskazat-zhenshhiny-deljatsja-v-internete-istorijami-o-nasilii/', 32),
(978, 'https://lady.mail.ru/article/491191-15-letnjaja-dochka-strizhenovyh-stala-modelju/', 32),
(979, 'https://lady.mail.ru/article/491195-printsessa-saudovskoj-aravii-vozglavila-arabskij-vogue/', 32),
(980, 'https://lady.mail.ru/article/491192-borodina-otmetila-godovshhinu-svadby-s-podrugami-no-bez-muzha/', 32),
(981, 'https://lady.mail.ru/article/491228-zvezda-klipa-leningrada-pro-labuteny-vyshla-zamuzh/', 32),
(982, 'https://lady.mail.ru/article/491193-49-letnjaja-holli-berri-pokazala-foto-v-kupalnike/', 32),
(983, 'https://lady.mail.ru/article/491218-anastasija-volochkova-ustroila-pljazhnuju-fotosessiju/', 32),
(984, 'https://deti.mail.ru/', 32),
(985, 'https://deti.mail.ru/news/u-sergeya-bezrugova-rodilas-doch/', 32),
(986, 'https://deti.mail.ru/', 32),
(987, 'https://deti.mail.ru/news/tatyana-navka-veselo-provodit-s-docheryu-leto-foto/', 32),
(988, 'https://health.mail.ru/', 32),
(989, 'https://health.mail.ru/news/neobychnye_sposoby_est_menshe/?utm_campaign=5331594&utm_medium=banner&utm_content=22165434&utm_source=mail.ru', 32),
(990, 'https://health.mail.ru/', 32),
(991, 'https://health.mail.ru/news/spetsialist_rasskazal_pochemu_ne_rabotayut/?utm_campaign=341529&utm_medium=banner&utm_content=22155403&utm_source=mail.ru', 32),
(992, 'https://games.mail.ru/pc/articles/review/tokyo_mirage_sessions_fe/?from=informer', 32),
(993, 'https://games.mail.ru/pc/articles/review/tokyo_mirage_sessions_fe/?from=informer', 32),
(994, 'https://games.mail.ru/pc/news/r/bezumnye_gonki_v_gta_online_i_drugie_novosti_dnja/?from=informer', 32),
(995, 'https://games.mail.ru/pc/news/r/ekranizacija_tomb_raider_vyjdet_v_2018_godu/?from=informer', 32),
(996, 'https://games.mail.ru/pc/articles/feat/tualetnye_monstry/?from=informer', 32),
(997, 'https://games.mail.ru/pc/articles/review/blade_and_soul_russian_review/?from=informer', 32),
(998, 'https://games.mail.ru/pc/news/r/rossijanam_predlozhili_sokratit_gosbjudzhet_v_igre/?from=informer', 32),
(999, 'https://games.mail.ru/pc/news/r/microsoft_peredumala_po_povodu_ekskljuzivov/?from=informer', 32),
(1000, 'https://games.mail.ru/pc/news/r/itogi_letnej_rasprodazhi_v_steam_i_drugie_novosti_dnja/?from=informer', 32),
(1001, 'https://games.mail.ru/pc/news/r/vedmak_3_poluchit_polnoe_izdanie/?from=informer', 32),
(1002, 'https://games.mail.ru/pc/articles/review/umbrella_corps/?from=informer', 32),
(1003, 'https://games.mail.ru/pc/articles/feat/best_overwatch_female_cosplay_of_male_characters/?from=informer', 32),
(1004, 'https://games.mail.ru/pc/news/r/prodazhi_red_dead_redemption_vzleteli_na_6000/?from=informer', 32),
(1005, 'https://games.mail.ru/pc/articles/review/lego_star_wars_the_force_awakens/?from=informer', 32),
(1006, 'https://hi-tech.mail.ru/news/highscreeen-power-five-evo/?frommail=1', 32),
(1007, 'https://hi-tech.mail.ru/news/highscreeen-power-five-evo/?frommail=1', 32),
(1008, 'https://hi-tech.mail.ru/news/murphy/?frommail=1', 32),
(1009, 'https://hi-tech.mail.ru/news/htc-10-lifestyle-price/?frommail=1', 32),
(1010, 'https://hi-tech.mail.ru/news/new-nokia-p1/?frommail=1', 32),
(1011, 'https://hi-tech.mail.ru/review/bigdata/?frommail=1', 32),
(1012, 'https://hi-tech.mail.ru/news/putin-zakon-yarovoy/?frommail=1', 32),
(1013, 'https://hi-tech.mail.ru/review/dyson-test/?frommail=1', 32),
(1014, 'https://hi-tech.mail.ru/news/Speereo-data-compression/?frommail=1', 32),
(1015, 'https://hi-tech.mail.ru/news/samsung-two-display-smartphone-patent/?frommail=1', 32),
(1016, 'https://hi-tech.mail.ru/news/iphone-7-3d-scanning/?frommail=1', 32),
(1017, 'https://hi-tech.mail.ru/review/360cam_review/?frommail=1', 32),
(1018, 'https://hi-tech.mail.ru/news/HummingBad/?frommail=1', 32),
(1019, 'https://hi-tech.mail.ru/news/ok-google/?frommail=1', 32),
(1020, 'https://e.mail.ru/messages/inbox/', 32),
(1021, 'https://e.mail.ru/login?from=multi', 32),
(1022, 'https://r.mail.ru/clb1214203/help.mail.ru/mail-help/auth/multiauth', 32),
(1023, 'https://r.mail.ru/n201584216?sz=39&amp;rnd=229983034', 32),
(1024, 'https://r.mail.ru/n214942162?sz=39&amp;rnd=229983034', 32),
(1025, 'https://r.mail.ru/n201584217?sz=39&amp;rnd=229983034', 32),
(1026, 'https://r.mail.ru/n165062873?sz=39&amp;rnd=229983034', 32),
(1027, 'https://r.mail.ru/n214942163?sz=39&amp;rnd=229983034', 32),
(1028, 'https://r.mail.ru/n93284360?sz=39&amp;rnd=229983034', 32),
(1029, 'https://r.mail.ru/n211521266?sz=39&amp;rnd=229983034', 32),
(1030, 'https://r.mail.ru/n93284362?sz=39&amp;rnd=229983034', 32),
(1031, 'https://r.mail.ru/n201584218?sz=39&amp;rnd=229983034', 32),
(1032, 'https://r.mail.ru/cls1074201/auth.mail.ru/cgi-bin/logout?next=1&lang=ru_RU&Page=https%3A%2F%2Fmail.ru%2F%3Ffrom%3Dlogout%26ref%3Dmain', 32),
(1033, 'https://r.mail.ru/cls718344/r.mail.ru/clb1126010/e.mail.ru/signup?from=navi&lang=ru_RU&siteid=169&amp;rnd=229983034', 32),
(1034, 'https://r.mail.ru/cls951827/e.mail.ru/login?lang=ru_RU', 32),
(1035, 'http://mail.ru//mail.ru', 32),
(1036, 'https://e.mail.ru/login?from=main', 32),
(1037, 'https://cloud.mail.ru/?utm_source=mainpage_promo&utm_medium=mainpage_promo&utm_campaign=иконки%20на%20главной/', 32),
(1038, 'https://promo.calendar.mail.ru/', 32),
(1039, 'https://e.mail.ru/messages/inbox/', 32),
(1040, 'https://auth.mail.ru/cgi-bin/logout?next=1&Page=https%3A%2F%2Fmail.ru%2F%3Ffrom%3Dlogout%26ref%3Dmain', 32),
(1041, 'https://e.mail.ru/messages/inbox/', 32),
(1042, 'http://mail.ru//e.mail.ru/messages/inbox/', 32),
(1043, 'https://e.mail.ru/compose/', 32),
(1044, 'https://e.mail.ru/signup?from=main_mailpromo_reg', 32),
(1045, 'https://e.mail.ru/password/restore/', 32),
(1046, 'https://e.mail.ru/signup?from=main_noc', 32),
(1047, 'https://e.mail.ru/signup?from=main_noc', 32),
(1048, 'http://www.icq.com/ru', 32),
(1049, 'http://my.mail.ru?from=splash', 32),
(1050, 'http://my.mail.ru/?from=splash&browse=dialogues', 32),
(1051, 'http://r.mail.ru/n117141368', 32),
(1052, 'http://ok.ru/?_erv=vszatwybdjnmnedtcwq', 32),
(1053, 'http://www.ok.ru/gifts?st.cmd=giftsFront&amp;st.or=USER_MENU&amp;st._aid=LBAID_UCM_Promo&amp;st.bId=11069923', 32),
(1054, 'http://ok.ru/messages', 32),
(1055, 'http://ok.ru/notifications', 32),
(1056, 'http://ok.ru/marks', 32),
(1057, 'http://r.mail.ru/cln10342/ok.ru/?_erv=vyiettrfgrpgnedkwz', 32),
(1058, 'http://r.mail.ru/cln10343/ok.ru/dk?st.cmd=anonymMain&amp;st.registration=on&amp;_erv=vwdduzstwemgoeduc', 32),
(1059, 'http://agent.mail.ru/web', 32),
(1060, 'http://agent.mail.ru/web', 32),
(1061, 'https://cloud.mail.ru/?utm_source=mainpage&amp;utm_medium=banner&amp;utm_campaign=MainpageLeftColumn', 32),
(1062, 'http://torg.mail.ru/?utm_source=main_link&amp;utm_medium=rb&amp;utm_campaign=title', 32),
(1063, 'http://torg.mail.ru/mobilephones/?_1ld=2058055_0&_1lp=1}', 32),
(1064, 'https://r.mail.ru/n185208943?&amp;rnd=211315611', 32),
(1065, 'https://r.mail.ru/n185208944?&amp;rnd=211315611', 32),
(1066, 'https://r.mail.ru/n185208945?&amp;rnd=211315611', 32),
(1067, 'http://r.mail.ru/clb657253/go.mail.ru/search?fm=1&amp;q=', 32),
(1068, 'http://r.mail.ru/clb657254/go.mail.ru/search_images?fr=mailru&amp;fm=1&amp;q=', 32),
(1069, 'http://r.mail.ru/clb657255/go.mail.ru/search_video?fr=mailru&amp;fm=1&amp;q=', 32),
(1070, 'http://r.mail.ru/clb20714157/go.mail.ru/search_apps?fr=mailru&amp;fm=1&amp;q=', 32),
(1071, 'http://r.mail.ru/clb657259/go.mail.ru/otvet?fr=mailru&amp;fm=1&amp;q=', 32),
(1072, 'http://mail.ru<%=', 32),
(1073, 'https://r.mail.ru/n203184763?sz=0&amp;rnd=170197761', 32),
(1074, 'https://news.mail.ru/', 32),
(1075, 'http://news.mail.ru/inregions/st_petersburg/91/', 32),
(1076, 'https://sport.mail.ru/', 32),
(1077, 'https://auto.mail.ru/', 32),
(1078, 'https://afisha.mail.ru/', 32),
(1079, 'https://lady.mail.ru/', 32),
(1080, 'http://games.mail.ru/pc/', 32),
(1081, 'https://hi-tech.mail.ru/', 32),
(1082, 'http://mail.ruonclick=', 32),
(1083, 'https://news.mail.ru/incident/26414334/?frommail=1', 32),
(1084, 'https://news.mail.ru/incident/26414334/?frommail=1', 32),
(1085, 'https://news.mail.ru/incident/26414334/?frommail=1', 32),
(1086, 'https://news.mail.ru/politics/26414317/?frommail=1', 32),
(1087, 'https://news.mail.ru/economics/26408734/?frommail=1', 32),
(1088, 'https://auto.mail.ru/article/61387-putin_ne_vstretitsya_s_rossiyaninom_na_zheltom_zaporozhce/?frommail=1&fromnews=1', 32),
(1089, 'https://sport.mail.ru/news/football-euro/26414441/?frommail=1', 32),
(1090, 'https://news.mail.ru/economics/26408751/?frommail=1', 32),
(1091, 'https://news.mail.ru/incident/26415588/?frommail=10', 32),
(1092, 'https://news.mail.ru/economics/26412932/?frommail=10', 32),
(1093, 'https://news.mail.ru/society/26415104/?frommail=10', 32),
(1094, 'https://news.mail.ru/society/26414604/?frommail=10', 32),
(1095, 'https://sport.mail.ru/news/football-euro/26409972/?frommail=1', 32),
(1096, 'https://auto.mail.ru/', 32),
(1097, 'https://auto.mail.ru/article/61382-prodazha_avtomobilya_verhovnyi_sud_sdelal_vazhnoe_poyasnenie/', 32),
(1098, 'https://afisha.mail.ru/', 32),
(1099, 'https://afisha.mail.ru/series/news/47469/?from=mr_news', 32),
(1100, 'http://mail.ru+y[0]+', 32),
(1101, 'https://pogoda.mail.ru/', 32),
(1102, 'https://pogoda.mail.ru/prognoz/sankt_peterburg/', 32),
(1103, 'https://news.mail.ru/currency.html', 32),
(1104, 'https://news.mail.ru/currency.html?charcode=USD', 32),
(1105, 'https://news.mail.ru/currency.html?charcode=EUR', 32),
(1106, 'https://horo.mail.ru/', 32),
(1107, 'https://horo.mail.ru/prediction/taurus/today/', 32),
(1108, 'https://horo.mail.ru/prediction/taurus/today/', 32),
(1109, 'https://tv.mail.ru/', 32),
(1110, 'https://news.mail.ru/currency.html?type=lme&amp;code=OIL2', 32),
(1111, 'https://afisha.mail.ru/cinema/selection/291_russkii_smeh_15_luchshih_rossiiskih_komedii/?from=cont', 32),
(1112, 'http://mail.ru//games.mail.ru/?from=main_nano', 32),
(1113, 'http://1l-go.mail.ru/r/adid/2130911_1/pid/100022/pof/1/f/3/', 32),
(1114, 'http://1l-go.mail.ru/r/adid/2130912_1/pid/100264/pof/1/f/1/', 32),
(1115, 'http://1l-go.mail.ru/r/adid/2130913_1/pid/100155/pof/1/f/1/', 32),
(1116, 'http://1l-go.mail.ru/r/adid/191321_1553/pid/100170/pof/1/f/1/', 32),
(1117, 'http://1l-go.mail.ru/r/adid/2130914_1/pid/100017/pof/1/f/3/', 32),
(1118, 'http://1l-go.mail.ru/r/adid/191321_845/pid/100170/pof/1/f/1/', 32),
(1119, 'http://games.mail.ru/play/client/best/?from=mainclient_nano', 32),
(1120, 'http://minigames.mail.ru', 32),
(1121, 'http://games.mail.ru/play/browser/best/?from=mainbrowser_nano', 32),
(1122, 'http://games.mail.ru/', 32),
(1123, 'http://mail.ru//mail.ru/', 32),
(1124, 'http://mail.ru//corp.mail.ru/', 32),
(1125, 'http://mail.ru//corp.mail.ru/adv/', 32),
(1126, 'http://mail.ru//corp.mail.ru/ru/jobs/vacancy/', 32),
(1127, 'http://r.mail.ru/n197081892', 32),
(1128, 'http://team.mail.ru', 32),
(1129, 'https://help.mail.ru/main-support', 32),
(1130, 'https://help.mail.ru/mail-help', 32),
(1131, 'http://my.mail.ru/mail/studio.benzo/photo/photo/257358.html?bestfotos=1', 32),
(1132, 'http://my.mail.ru/mail/mobiledisk/photo/241783/241819.html?bestfotos=1', 32),
(1133, 'http://my.mail.ru/mail/alla-1943/photo/5528/5573.html?bestfotos=1', 32),
(1134, 'http://my.mail.ru/mail/galchyonkov/photo/1472/3858.html?bestfotos=1', 32),
(1135, 'http://my.mail.ru/mail/studio.benzo/photo/photo/257358.html?bestfotos=1', 32),
(1136, 'http://my.mail.ru/mail/mobiledisk/photo/241783/241819.html?bestfotos=1', 32),
(1137, 'http://my.mail.ru/mail/alla-1943/photo/5528/5573.html?bestfotos=1', 32),
(1138, 'http://my.mail.ru/mail/galchyonkov/photo/1472/3858.html?bestfotos=1', 32),
(1139, 'https://news.mail.ru/incident/26411647/?frommail=1', 32),
(1140, 'https://news.mail.ru/incident/26411647/?frommail=1', 32),
(1141, 'https://news.mail.ru/incident/26411647/?frommail=1', 32),
(1142, 'https://news.mail.ru/incident/26411642/?frommail=1', 32),
(1143, 'https://news.mail.ru/society/26414460/?frommail=1', 32),
(1144, 'https://news.mail.ru/economics/26406146/?frommail=1', 32),
(1145, 'https://news.mail.ru/incident/26403264/?frommail=1', 32),
(1146, 'https://news.mail.ru/incident/26411462/?frommail=1', 32),
(1147, 'https://news.mail.ru/incident/26411717/?frommail=1', 32),
(1148, 'https://news.mail.ru/society/26413805/?frommail=1', 32),
(1149, 'https://news.mail.ru/incident/26405103/?frommail=1', 32),
(1150, 'https://news.mail.ru/economics/26397691/?frommail=1', 32),
(1151, 'https://sport.mail.ru/', 32),
(1152, 'https://sport.mail.ru/news/football-euro/26406317/?frommail=1', 32),
(1153, 'https://auto.mail.ru/', 32),
(1154, 'https://auto.mail.ru/article/61383-transportnyi_nalog_hotyat_otmenit_dlya_eshche_odnoi_kategorii_avto/', 32),
(1155, 'https://realty.mail.ru/', 32),
(1156, 'https://realty.mail.ru/news/34117/v_peterburge_pojavitsja_gigantskij_batutnyj_park/?utm_source=mail.ru&utm_medium=banner_1548_3098094&utm_campaign=realty.news_spb', 32),
(1157, 'https://sport.mail.ru/news/football-euro/26409972/?frommail=1', 32),
(1158, 'https://sport.mail.ru/news/football-euro/26409972/?frommail=1', 32),
(1159, 'https://sport.mail.ru/news/football-foreign/26409880/?frommail=1', 32),
(1160, 'https://sport.mail.ru/news/football-euro/26412121/?frommail=1', 32),
(1161, 'https://sport.mail.ru/news/football-euro/26410203/?frommail=1', 32),
(1162, 'https://sport.mail.ru/news/football-national/26414483/?frommail=1', 32),
(1163, 'https://sport.mail.ru/news/football-rus-premier/26415716/?frommail=1', 32),
(1164, 'https://sport.mail.ru/news/football-rus-premier/26409077/?frommail=1', 32),
(1165, 'https://sport.mail.ru/news/football-euro/26415721/?frommail=1', 32),
(1166, 'https://sport.mail.ru/news/football-foreign/26415429/?frommail=1', 32),
(1167, 'https://sport.mail.ru/news/biathlon/26415960/?frommail=1', 32),
(1168, 'https://sport.mail.ru/news/football-rus-premier/26413719/?frommail=1', 32),
(1169, 'https://sport.mail.ru/news/football-rus-premier/26414023/?frommail=1', 32),
(1170, 'https://sport.mail.ru/news/olympics/26414488/?frommail=1', 32),
(1171, 'https://auto.mail.ru/article/61383-transportnyi_nalog_hotyat_otmenit_dlya_eshche_odnoi_kategorii_avto/', 32),
(1172, 'https://auto.mail.ru/article/61383-transportnyi_nalog_hotyat_otmenit_dlya_eshche_odnoi_kategorii_avto/', 32),
(1173, 'https://auto.mail.ru/article/61394-video_dnya_kak_pravilno_uhodit_ot_pogoni_na_uazike/', 32),
(1174, 'https://auto.mail.ru/article/61393-eksperty_vyyasnili_skolko_deneg_tesla_tratit_na_reklamu/', 32),
(1175, 'https://auto.mail.ru/article/61391-osago_strahovyh_kompanii_mozhet_stat_znachitelno_menshe/', 32),
(1176, 'https://auto.mail.ru/article/61390-renault_predstavila_novyi_sedan_megane_foto/', 32),
(1177, 'https://auto.mail.ru/article/61374-obnovlennyi_sedan_citroen_c4_zametili_v_rossii_foto/', 32),
(1178, 'https://auto.mail.ru/article/61384-gruppa_gaz_podgotovila_sportivnuyu_versiyu_urala-next/', 32),
(1179, 'https://auto.mail.ru/article/61385-stroitelstvo_severo-vostochnoi_hordy_vmeshalsya_dazhe_spch/', 32),
(1180, 'https://auto.mail.ru/article/61382-prodazha_avtomobilya_verhovnyi_sud_sdelal_vazhnoe_poyasnenie/', 32),
(1181, 'https://auto.mail.ru/article/61251-po_prozvishchu_zver_istoriya_avtomobilya_s_motorom_ot_istrebitelya/', 32),
(1182, 'https://auto.mail.ru/article/61379-lyuboi_zhelayushchii_mozhet_kupit_sobstvennyi_trolleibus_v_internete/', 32),
(1183, 'https://auto.mail.ru/article/61378-kitaiskii_servis_onlain-shopinga_predstavil_pervyi_internet-avtomobil/', 32),
(1184, 'https://auto.mail.ru/article/61380-v_rossii_sozdayut_pervyi_avtomobilnyi_blokbaster/', 32),
(1185, 'https://afisha.mail.ru/series/news/47469/?from=mr_news', 32),
(1186, 'https://afisha.mail.ru/series/news/47469/?from=mr_news', 32),
(1187, 'https://afisha.mail.ru/cinema/news/47468/?from=mr_news', 32),
(1188, 'https://afisha.mail.ru/cinema/news/47467/?from=mr_news', 32),
(1189, 'https://afisha.mail.ru/cinema/news/47466/?from=mr_news', 32),
(1190, 'https://afisha.mail.ru/cinema/news/47463/?from=mr_news', 32),
(1191, 'https://afisha.mail.ru/cinema/selection/253_10_luchshih_filmov_o_shokolade/?from=mr_news', 32),
(1192, 'https://afisha.mail.ru/cinema/news/47465/?from=mr_news', 32),
(1193, 'https://afisha.mail.ru/series/news/47464/?from=mr_news', 32),
(1194, 'https://afisha.mail.ru/cinema/news/47462/?from=mr_news', 32),
(1195, 'https://afisha.mail.ru/cinema/selection/655_s_bolshim_privetom_10_feericheskih_komedii_iz_ispanii/?from=mr_news', 32),
(1196, 'https://afisha.mail.ru/cinema/articles/47454/?from=mr_news', 32),
(1197, 'https://afisha.mail.ru/series/selection/657_britaniya_tvoi_vihod_15_otlichnih_shou_kotorie_nelzya_propustit/?from=mr_news', 32),
(1198, 'https://afisha.mail.ru/cinema/news/47461/?from=mr_news', 32),
(1199, 'https://lady.mail.ru/article/491286-smi-aleksej-vorobev-vstrechaetsja-s-docherju-oligarha/', 32),
(1200, 'https://lady.mail.ru/article/491286-smi-aleksej-vorobev-vstrechaetsja-s-docherju-oligarha/', 32),
(1201, 'https://lady.mail.ru/article/491263-smi-eva-mendes-i-rajan-gosling-sygrali-tajnuju-svadbu/', 32),
(1202, 'https://lady.mail.ru/article/491271-julija-proskurjakova-pokazala-roditelej-foto/', 32),
(1203, 'https://lady.mail.ru/article/491258-zhara-2016-zvezdy-na-otkrytii-muzykalnogo-festivalja-foto/', 32),
(1204, 'https://lady.mail.ru/article/491289-80-letnij-dzhigarhanjan-otdyhaet-s-molodoj-suprugoj-v-barselone/', 32),
(1205, 'https://lady.mail.ru/article/491214-9-zvezdnyh-par-v-kotoryh-vljublennye-pohozhi-drug-na-druga/', 32),
(1206, 'https://lady.mail.ru/article/491276-smi-reshili-chto-ekaterina-varnava-tajno-vyshla-zamuzh/', 32),
(1207, 'https://lady.mail.ru/article/491224-10-retseptov-dlja-teh-kto-obozhaet-shokolad/', 32),
(1208, 'https://lady.mail.ru/article/491266-master-klass-kak-prevratit-dnevnoj-makijazh-v-vechernij/', 32),
(1209, 'https://deti.mail.ru/', 32),
(1210, 'https://deti.mail.ru/pregnancy/pyat-mifov-o-vtoryh-rodah/', 32),
(1211, 'https://deti.mail.ru/', 32),
(1212, 'https://deti.mail.ru/news/anna-kalashnikova-krestila-syna/', 32),
(1213, 'https://deti.mail.ru/', 32),
(1214, 'https://deti.mail.ru/news/v-kitae-rodilis-chetvernyashki-sever-yug-zapad-/', 32),
(1215, 'https://deti.mail.ru/', 32),
(1216, 'https://deti.mail.ru/news/liv-tajler-rodila-doch/', 32),
(1217, 'https://games.mail.ru/pc/news/r/v_steam_vyshla_rolevaja_igra_pro_krym/?from=informer', 32),
(1218, 'https://games.mail.ru/pc/news/r/v_steam_vyshla_rolevaja_igra_pro_krym/?from=informer', 32),
(1219, 'https://games.mail.ru/pc/articles/preview/bliss_preview/?from=informer', 32),
(1220, 'https://games.mail.ru/pc/news/r/komandu_no_mans_sky_nazvali_netolerantnoj/?from=informer', 32),
(1221, 'https://games.mail.ru/pc/news/r/za_ubijstvo_druzej_v_rainbow_six_siege_budut_banit_navsegda/?from=informer', 32),
(1222, 'https://games.mail.ru/pc/news/r/studija_paramount_snimet_serial_po_motivam_battlefield/?from=informer', 32),
(1223, 'https://games.mail.ru/pc/news/r/my_razygryvaem_beluju_playstation_4_glacier_white/?from=informer', 32),
(1224, 'https://games.mail.ru/pc/articles/feat/chem_zanjatsja_etim_letom_2016/?from=informer', 32),
(1225, 'https://games.mail.ru/pc/articles/preview/dungeon_souls/?from=informer', 32),
(1226, 'https://games.mail.ru/pc/news/r/avtor_ultima_nachal_torgovat_krovju/?from=informer', 32),
(1227, 'https://games.mail.ru/pc/video/obzor_inside_novyj_shedevr_avtorov_limbo/?from=informer', 32),
(1228, 'https://games.mail.ru/pc/news/r/pokemon_go_stala_orudiem_moshennikov/?from=informer', 32),
(1229, 'https://games.mail.ru/pc/news/r/remejk_system_shock_uspeshno_profinansirovali/?from=informer', 32),
(1230, 'https://games.mail.ru/pc/articles/feat/stanet_li_twitch_igrovoj_platformoj/?from=informer', 32),
(1231, 'https://hi-tech.mail.ru/news/virus-update-firefox/?frommail=1', 32),
(1232, 'https://hi-tech.mail.ru/news/virus-update-firefox/?frommail=1', 32),
(1233, 'https://hi-tech.mail.ru/news/iphone-7-plus-live-photo/?frommail=1', 32),
(1234, 'https://hi-tech.mail.ru/news/russian-device-for-stress/?frommail=1', 32),
(1235, 'https://hi-tech.mail.ru/news/virus-update-firefox/?frommail=1', 32),
(1236, 'https://hi-tech.mail.ru/news/huawei-honor-8/?frommail=1', 32),
(1237, 'https://hi-tech.mail.ru/news/iq-photo-social/?frommail=1', 32),
(1238, 'https://hi-tech.mail.ru/news/20-super-phones/?frommail=1', 32),
(1239, 'https://hi-tech.mail.ru/news/youtube-tv/?frommail=1', 32),
(1240, 'https://hi-tech.mail.ru/news/leagoo-m5/?frommail=1', 32),
(1241, 'https://hi-tech.mail.ru/news/freedom-251-fake/?frommail=1', 32),
(1242, 'https://hi-tech.mail.ru/news/samsung-galaxy-j2/?frommail=1', 32),
(1243, 'https://hi-tech.mail.ru/review/bork-test/?frommail=1', 32),
(1244, 'https://hi-tech.mail.ru/news/hp-elite-x3-price/?frommail=1', 32),
(1245, 'https://e.mail.ru/messages/inbox/', 32),
(1246, 'https://e.mail.ru/login?from=multi', 32),
(1247, 'https://r.mail.ru/clb1214203/help.mail.ru/mail-help/auth/multiauth', 32);

-- --------------------------------------------------------

--
-- Структура таблицы `sites`
--

CREATE TABLE IF NOT EXISTS `sites` (
  `id` smallint(11) NOT NULL AUTO_INCREMENT,
  `domain` varchar(100) NOT NULL,
  PRIMARY KEY (`id`),
  KEY `id` (`id`)
) ENGINE=InnoDB  DEFAULT CHARSET=utf8 AUTO_INCREMENT=36 ;

--
-- Дамп данных таблицы `sites`
--

INSERT INTO `sites` (`id`, `domain`) VALUES
(32, 'http://mail.ru'),
(33, 'http://yandex.ru'),
(34, 'http://softodrom.ru'),
(35, 'http://google.ru');

-- --------------------------------------------------------

--
-- Структура таблицы `words`
--

CREATE TABLE IF NOT EXISTS `words` (
  `id` smallint(6) NOT NULL AUTO_INCREMENT,
  `word` varchar(100) NOT NULL,
  `sum` smallint(6) NOT NULL,
  `ext_id` smallint(6) NOT NULL,
  PRIMARY KEY (`id`),
  KEY `ext_id` (`ext_id`)
) ENGINE=InnoDB  DEFAULT CHARSET=utf8 AUTO_INCREMENT=17 ;

--
-- Дамп данных таблицы `words`
--

INSERT INTO `words` (`id`, `word`, `sum`, `ext_id`) VALUES
(1, 'Мир', 2, 32),
(2, 'Поиск в интернете', 1, 32),
(3, 'Найдётся всё', 2, 33),
(4, 'Драйвер', 1, 34),
(5, 'Windows', 65, 34),
(6, 'Система', 1, 34),
(7, 'Новости', 5, 34),
(8, 'google', 108, 35),
(9, 'Мой Мир', 2, 32),
(10, 'Windows', 65, 34),
(11, 'Mail', 23, 32),
(12, 'Mail', 23, 32),
(13, 'мир', 2, 32),
(14, 'Система', 1, 34),
(15, 'Драйверы', 1, 34),
(16, 'Microsoft', 18, 34);

--
-- Ограничения внешнего ключа сохраненных таблиц
--

--
-- Ограничения внешнего ключа таблицы `images`
--
ALTER TABLE `images`
  ADD CONSTRAINT `images_ibfk_1` FOREIGN KEY (`ext_id`) REFERENCES `sites` (`id`) ON DELETE CASCADE ON UPDATE CASCADE;

--
-- Ограничения внешнего ключа таблицы `links`
--
ALTER TABLE `links`
  ADD CONSTRAINT `links_ibfk_1` FOREIGN KEY (`ext_id`) REFERENCES `sites` (`id`) ON DELETE CASCADE ON UPDATE CASCADE;

--
-- Ограничения внешнего ключа таблицы `words`
--
ALTER TABLE `words`
  ADD CONSTRAINT `words_ibfk_1` FOREIGN KEY (`ext_id`) REFERENCES `sites` (`id`) ON DELETE CASCADE ON UPDATE CASCADE;

/*!40101 SET CHARACTER_SET_CLIENT=@OLD_CHARACTER_SET_CLIENT */;
/*!40101 SET CHARACTER_SET_RESULTS=@OLD_CHARACTER_SET_RESULTS */;
/*!40101 SET COLLATION_CONNECTION=@OLD_COLLATION_CONNECTION */;
